pred_label,pred_rel,pred_verb_token,real_label,real_rel,real_verb_token,source,target,grade,results,toks_source,toks_target,n_toks_source,n_toks_target,ant_logit,cohyp_logit,hyp_logit,mero_logit,no-rel_logit,r-hyp_logit,syn_logit,ant,cohyp,hyp,mero,no-rel,r-hyp,syn,entropy,nsynsests_source,nsynsests_target,best_tok#1,best_tok#2,best_tok#3,best_tok#4,best_tok#5,best_tok#6,best_tok#7,best_tok#8,best_tok#9,best_tok#10,best_tok#11,best_tok#12,best_tok#13,best_tok#14
2,hyp,minor,4,no-rel,random,advance,take,1.42,False,['advance'],['take'],1,1,11.459911,13.355279,14.518665,11.507736,12.4081545,13.747387,10.797017,0.023282047,0.15494189,0.49593085,0.024422562,0.06009494,0.22932911,0.01199858,1.9832538,20,44,minor,major,coordinated,random,part,contrary,synonym,coordinate,partial,limited,parts,separate,total,coordination
2,hyp,minor,2,hyp,minor,aura,light,3.69,True,['aura'],['light'],1,1,10.335825,12.938955,16.241497,12.133907,12.546166,13.077034,11.743637,0.002401713,0.032437418,0.8817022,0.014501682,0.021900812,0.037240293,0.00981581,0.7930552,3,47,minor,major,coordinated,random,part,synonym,contrary,specific,coordinate,partial,parts,particular,small,related
2,hyp,minor,4,no-rel,random,tusk,duty,0.08,False,"['tu', '##sk']",['duty'],2,1,11.55934,12.080256,17.60677,13.483388,14.791191,13.533869,13.612923,0.0021146915,0.0035602325,0.89456624,0.014482736,0.05355775,0.015232604,0.01648568,0.6957779,4,3,minor,random,synonym,major,part,coordinated,contrary,specific,unrelated,parts,particular,related,partial,limited
2,hyp,minor,2,hyp,minor,place,area,4.77,True,['place'],['area'],1,1,9.413034,9.870745,16.010174,11.956717,9.230766,14.294483,12.99943,0.0010904403,0.0017233875,0.7992877,0.013877428,0.0009087488,0.14374347,0.039368924,0.96569705,32,6,minor,major,synonym,part,coordinated,contrary,random,unrelated,specific,coordinate,small,separate,particular,or
5,r-hyp,major,5,r-hyp,major,material,leather,1.64,True,['material'],['leather'],1,1,2.4969754,8.025498,9.412026,10.219883,7.449091,12.890005,6.5130224,2.7511856e-05,0.0069267116,0.027713321,0.06216361,0.0038922124,0.89775026,0.0015263958,0.6277543,11,2,major,part,minor,:,coordinated,include,random,included,includes,synonym,parts,like,including,is
2,hyp,minor,2,hyp,minor,add,calculate,5.23,True,['add'],['calculate'],1,1,11.613018,12.372594,14.944958,9.961662,11.4034395,13.897818,12.374314,0.022677055,0.04846924,0.6347894,0.0043492257,0.018389413,0.22277297,0.048552707,1.586369,7,6,minor,major,synonym,coordinated,contrary,random,part,partial,coordinate,different,or,specific,unrelated,/
2,hyp,minor,5,r-hyp,major,toy,doll,2.1,False,['toy'],['doll'],1,1,9.77182,11.927269,14.660553,13.31049,9.100209,13.716446,13.260513,0.0038204524,0.032977242,0.5072996,0.13150415,0.0019518117,0.19735314,0.12509358,1.9293406,8,2,minor,major,part,synonym,coordinated,contrary,random,parts,unrelated,separate,or,component,particular,coordinate
2,hyp,minor,2,hyp,minor,instruct,inform,4.31,True,"['ins', '##truct']",['inform'],2,1,14.61307,13.147938,16.168486,11.535596,10.919395,15.314056,13.632157,0.11862719,0.02740852,0.56194377,0.0054658083,0.0029514942,0.23912168,0.044481505,1.7335485,3,3,minor,major,contrary,synonym,coordinated,part,random,coordinate,general,principal,unrelated,partial,minors,subordinate
6,syn,synonym,1,cohyp,coordinated,jug,jar,2.4,False,['jug'],['jar'],1,1,12.461022,13.121515,13.369814,13.4271555,7.0310726,11.837147,13.743149,0.082038656,0.15880603,0.20356435,0.21557821,0.0003596014,0.043961536,0.2956916,2.3842912,4,8,synonym,part,minor,coordinated,contrary,major,coordinate,separate,parts,opposite,partial,random,unrelated,sub
2,hyp,minor,6,syn,synonym,flower,bloom,2.45,False,['flower'],['bloom'],1,1,14.421912,13.103684,14.656147,14.236198,8.950568,12.57102,13.058703,0.26460606,0.070811,0.33444652,0.21975832,0.0011128209,0.041568812,0.06769642,2.2515328,4,7,minor,contrary,part,coordinated,synonym,major,random,parts,partial,separate,non,coordinate,full,perfect
2,hyp,minor,5,r-hyp,major,say,claim,2.1,False,['say'],['claim'],1,1,10.56172,9.77006,14.290318,10.194231,12.755746,12.83069,11.605492,0.015326405,0.0069442703,0.6378957,0.010613091,0.13749714,0.14819776,0.043525584,1.6241281,12,11,minor,major,random,synonym,contrary,part,coordinated,different,specific,equal,partial,the,no,separate
5,r-hyp,major,4,no-rel,random,symptom,orchid,0.08,False,"['sy', '##mpt', '##om']",['orchid'],3,1,4.4426036,10.894413,12.0987625,10.929563,10.931343,12.738895,9.638378,0.00012118023,0.07680982,0.2561292,0.07955767,0.07969945,0.48580873,0.021873979,1.9972737,2,1,major,minor,random,part,coordinated,synonym,specific,:,of,unknown,related,include,particular,small
0,ant,contrary,1,cohyp,coordinated,sitting,standing,0.15,False,['sitting'],['standing'],1,1,14.14744,13.489505,13.889682,12.377697,8.49507,13.443716,12.256347,0.3215192,0.16652112,0.24846427,0.054779403,0.0011282725,0.15906824,0.048519414,2.3304133,16,21,contrary,minor,coordinated,major,part,synonym,random,partial,parts,separate,different,coordinate,non,or
0,ant,contrary,6,syn,synonym,infant,baby,3.75,False,['infant'],['baby'],1,1,13.748866,13.028878,13.537502,13.206525,8.014061,12.287046,12.51643,0.29375044,0.14298542,0.23778497,0.17078224,0.0009492581,0.06809548,0.08565215,2.42575,1,8,contrary,minor,part,coordinated,synonym,major,random,separate,unrelated,parts,coordinate,partial,independent,different
3,mero,part,3,mero,part,nucleus,cell,1.23,True,['nucleus'],['cell'],1,1,8.183573,11.404729,11.566677,16.371264,6.549953,10.568386,10.690632,0.00027209055,0.0068177916,0.008016355,0.9785484,5.311798e-05,0.0029540963,0.0033382229,0.19175747,6,7,part,minor,coordinated,synonym,major,parts,contrary,separate,partial,random,coordinate,half,whole,sub
5,r-hyp,major,5,r-hyp,major,force,gravity,2.15,True,['force'],['gravity'],1,1,11.270394,12.711605,11.739593,11.926678,11.397728,13.660645,11.5187645,0.045277365,0.19133349,0.07238545,0.087277316,0.05142584,0.49425787,0.058042604,2.200961,19,3,major,coordinated,part,minor,synonym,random,contrary,parallel,coordinate,partial,specific,general,parts,related
2,hyp,minor,4,no-rel,random,desire,attack,0.43,False,['desire'],['attack'],1,1,13.591185,13.078024,16.990925,11.297619,12.459638,14.089472,13.211418,0.02914748,0.017447699,0.8731512,0.0029411563,0.009401051,0.04797383,0.019937495,0.832295,6,15,minor,major,contrary,synonym,coordinated,random,part,partial,unrelated,particular,coordinate,specific,secondary,limited
2,hyp,minor,6,syn,synonym,motorcycle,bike,5.4,False,['motorcycle'],['bike'],1,1,10.4354515,12.156976,15.501623,13.623352,8.088503,13.049776,13.9838,0.004203338,0.023509469,0.666507,0.10187836,0.0004020939,0.057409145,0.14609067,1.5328124,2,3,minor,synonym,part,major,coordinated,contrary,random,parts,partial,unrelated,separate,coordinate,independent,related
2,hyp,minor,2,hyp,minor,god,being,4.78,True,['god'],['being'],1,1,11.409461,10.192513,17.14411,10.862532,12.393224,11.562714,10.659852,0.0031686507,0.0009383411,0.980394,0.0018337746,0.008474559,0.0036934405,0.0014973499,0.1826444,4,15,minor,random,major,contrary,part,synonym,coordinated,limited,specific,lesser,equal,separate,particular,another
5,r-hyp,major,5,r-hyp,major,communication,conversation,2.42,True,['communication'],['conversation'],1,1,12.273582,12.062741,14.462498,12.968649,10.564253,14.708954,13.999759,0.033378456,0.0270333,0.29792026,0.06688515,0.0060410695,0.38118392,0.18755776,2.113803,3,1,major,minor,synonym,part,contrary,coordinated,random,parts,general,unrelated,partial,separate,non,particular
2,hyp,minor,6,syn,synonym,phase,stage,4.33,False,['phase'],['stage'],1,1,11.218894,11.492133,13.83393,12.731549,8.49378,12.794348,13.074286,0.03143333,0.04131013,0.42962155,0.14266852,0.0020601004,0.1519152,0.20099121,2.1679032,6,10,minor,synonym,major,part,coordinated,contrary,random,separate,sub,independent,parts,coordinate,multiple,unrelated
2,hyp,minor,2,hyp,minor,cod,fish,5.54,True,['cod'],['fish'],1,1,6.241059,9.986053,19.006916,12.261913,9.130285,11.443483,10.467527,2.850768e-06,0.00012061258,0.99793774,0.0011743186,5.1255112e-05,0.00051801983,0.00019520642,0.024815474,7,6,minor,part,major,synonym,small,coordinated,random,other,smaller,lesser,subsidiary,related,secondary,side
2,hyp,minor,5,r-hyp,major,maker,producer,3.15,False,['maker'],['producer'],1,1,8.339947,11.317338,13.64635,9.738084,7.869373,13.281166,9.627336,0.00269908,0.053000547,0.5441985,0.010924937,0.0016859631,0.37771133,0.009779611,1.4078947,3,3,minor,major,coordinated,part,synonym,contrary,random,and,/,or,independent,",",coordinate,general
0,ant,contrary,0,ant,contrary,daughter,son,1.18,True,['daughter'],['son'],1,1,15.574754,11.369204,12.868885,11.991014,6.0314183,11.017191,11.498294,0.8794896,0.013115458,0.058760684,0.02442486,6.303954e-05,0.009223725,0.014922676,0.7697836,1,2,contrary,minor,part,synonym,coordinated,major,opposite,unrelated,parallel,partial,separate,principal,equal,parts
3,mero,part,6,syn,synonym,wardrobe,closet,3.73,False,['wardrobe'],['closet'],1,1,9.79555,12.502405,12.676062,14.454698,9.227658,13.186913,12.866833,0.0052302857,0.07836055,0.09322139,0.5520359,0.002964101,0.1553729,0.11281488,1.9172093,3,5,part,major,synonym,minor,coordinated,contrary,random,parts,separate,partial,coordinate,general,full,/
2,hyp,minor,2,hyp,minor,emotion,feeling,4.67,True,['emotion'],['feeling'],1,1,13.576163,10.579622,15.986072,11.4776,9.878779,13.105461,13.990378,0.06911773,0.0034530926,0.76948357,0.00847608,0.0017133104,0.043168418,0.10458775,1.196032,1,19,minor,synonym,contrary,major,part,coordinated,random,unrelated,general,specific,particular,limited,partial,independent
2,hyp,minor,1,cohyp,coordinated,snap,pop,2.8,False,['snap'],['pop'],1,1,14.2546015,14.125086,14.903559,10.183835,10.313079,13.886375,11.932857,0.21651527,0.19021319,0.41431162,0.0036946826,0.004204429,0.14982009,0.021240639,2.0514462,26,19,minor,contrary,coordinated,major,synonym,random,part,coordinate,unrelated,perfect,parallel,non,sub,different
2,hyp,minor,5,r-hyp,major,idea,suggestion,2.38,False,['idea'],['suggestion'],1,1,15.278481,12.472708,16.102175,11.435286,7.9612374,14.347061,14.114327,0.24584322,0.0148636885,0.56025285,0.0052672005,0.00016323742,0.09686077,0.076749034,1.7085711,5,6,minor,contrary,major,synonym,coordinated,part,random,coordinate,partial,unrelated,separate,parallel,principal,opposite
2,hyp,minor,2,hyp,minor,suggestion,idea,5.1,True,['suggestion'],['idea'],1,1,14.905077,11.508256,16.300245,11.870331,8.030011,13.269381,14.29205,0.17080063,0.005718325,0.6892922,0.008213267,0.00017647627,0.033274807,0.09252421,1.38829,6,5,minor,contrary,synonym,major,part,coordinated,random,partial,unrelated,separate,general,parallel,limited,relative
2,hyp,minor,2,hyp,minor,volleyball,activity,4.86,True,['volleyball'],['activity'],1,1,7.580367,9.698865,19.074945,9.946202,9.281932,11.572433,7.905913,1.0176769e-05,8.46568e-05,0.9991757,0.00010841243,5.5794335e-05,0.000551242,1.4092643e-05,0.010913443,2,6,minor,major,part,coordinated,secondary,random,related,other,lesser,limited,synonym,minors,another,optional
1,cohyp,coordinated,1,cohyp,coordinated,cigarette,cigar,2.92,True,['cigarette'],['cigar'],1,1,11.192334,14.1553955,13.136889,13.352109,9.060245,13.843771,12.21834,0.01883249,0.36454314,0.13164894,0.16326234,0.0022333304,0.26693904,0.052540764,2.2022483,1,1,coordinated,major,part,minor,synonym,contrary,random,partial,parts,coordinate,coordination,separate,unrelated,parallel
4,no-rel,random,4,no-rel,random,bread,football,0.08,True,['bread'],['football'],1,1,8.065039,12.345213,11.09824,12.525833,14.303376,12.64777,10.2453985,0.0012512356,0.09040556,0.02598015,0.10830225,0.64064085,0.122347176,0.011072796,1.6639965,3,2,random,major,part,coordinated,minor,synonym,contrary,parts,specific,particular,unrelated,related,general,the
2,hyp,minor,2,hyp,minor,kidnap,take,4.69,True,['kidnap'],['take'],1,1,11.643525,12.8065195,15.109277,11.166558,14.7854595,12.191919,13.238003,0.01500927,0.04802215,0.4803042,0.0093157,0.3474436,0.02597312,0.07393199,1.8167783,1,44,minor,random,synonym,coordinated,major,contrary,part,partial,non,different,limited,coordinate,multiple,separate
3,mero,part,4,no-rel,random,mouth,universe,0.29,False,['mouth'],['universe'],1,1,11.221583,13.92909,12.191595,14.728864,13.515663,12.559559,11.96519,0.014745484,0.22106196,0.038898226,0.49187136,0.146206,0.05619975,0.031017248,2.0511699,11,3,part,coordinated,random,major,minor,synonym,contrary,parts,coordinate,partial,specific,independent,different,full
2,hyp,minor,2,hyp,minor,trout,fish,6.0,True,['trout'],['fish'],1,1,6.6221313,10.030711,19.962307,12.29861,9.466056,12.597246,10.177292,1.6065661e-06,4.855411e-05,0.9987649,0.00046898812,2.7605736e-05,0.00063220505,5.621927e-05,0.015624295,2,6,minor,major,part,small,synonym,coordinated,random,other,smaller,lesser,subsidiary,miscellaneous,side,contrary
2,hyp,minor,2,hyp,minor,pan,utensil,2.69,True,['pan'],"['ut', '##ens', '##il']",1,3,4.4683022,9.953931,10.606212,7.598591,10.3675785,10.102911,9.500338,0.00065525103,0.15804689,0.30343655,0.014992524,0.23901813,0.18343711,0.10041368,2.3158054,7,1,minor,random,major,coordinated,synonym,part,##cho,##ini,##ch,##i,##ook,##dian,##itive,##iculate
2,hyp,minor,2,hyp,minor,conversation,communication,6.0,True,['conversation'],['communication'],1,1,13.170429,11.735215,16.75374,12.4229355,9.695581,13.548021,14.690729,0.022848021,0.0054393006,0.82235783,0.010819725,0.00070752436,0.033329956,0.104497634,0.9796285,1,3,minor,synonym,major,contrary,part,coordinated,random,unrelated,non,general,related,separate,lesser,partial
2,hyp,minor,4,no-rel,random,swallow,waste,0.9,False,['swallow'],['waste'],1,1,9.865777,11.553038,14.675141,10.155659,14.325516,12.830809,10.128923,0.0042095375,0.022751098,0.51631504,0.005625076,0.3639773,0.08164532,0.005476681,1.5587919,11,16,minor,random,major,coordinated,part,synonym,contrary,total,complete,common,trivial,equal,the,all
1,cohyp,coordinated,0,ant,contrary,advance,retreat,1.0,False,['advance'],['retreat'],1,1,14.296774,14.564841,13.692076,12.464169,9.501815,14.403727,11.202148,0.23922785,0.3127749,0.13067564,0.03827554,0.001978734,0.26623225,0.0108351,2.1787605,20,11,coordinated,major,contrary,minor,part,synonym,random,coordinate,partial,separate,parts,principal,independent,parallel
5,r-hyp,major,4,no-rel,random,path,leopard,0.2,False,['path'],['leopard'],1,1,4.2674756,11.321169,9.456491,12.833594,11.896899,13.092728,10.000585,6.3456486e-05,0.07342709,0.011377247,0.3331918,0.13058485,0.43175215,0.01960351,1.8971865,4,2,major,part,random,coordinated,synonym,minor,parts,:,specific,to,in,coordinate,partial,different
2,hyp,minor,5,r-hyp,major,crook,burglar,2.5,False,['crook'],"['bu', '##rg', '##lar']",1,3,9.075196,12.508823,14.735566,11.726397,12.292008,13.967978,11.734973,0.0019763622,0.06124517,0.56771964,0.028007101,0.049307194,0.26349622,0.028248334,1.7391304,4,1,minor,major,coordinated,random,synonym,part,contrary,parts,or,partial,unrelated,/,general,principal
2,hyp,minor,2,hyp,minor,slay,kill,5.55,True,"['sl', '##ay']",['kill'],2,1,12.103219,11.668837,15.01873,11.566969,12.858261,12.2104435,13.572398,0.03536393,0.022903964,0.6527561,0.020685693,0.075243875,0.039366566,0.15367986,1.692527,1,17,minor,synonym,random,major,contrary,coordinated,part,partial,unrelated,separate,equal,other,lesser,different
1,cohyp,coordinated,2,hyp,minor,catch,seize,3.0,False,['catch'],['seize'],1,1,11.80935,13.48521,12.953676,10.254432,12.614478,12.898184,12.107591,0.061537705,0.32882002,0.19324839,0.012997173,0.1376588,0.1828167,0.0829212,2.4547436,39,8,coordinated,minor,major,random,synonym,contrary,part,coordinate,perfect,different,partial,total,specific,or
2,hyp,minor,0,ant,contrary,decline,accept,0.7,False,['decline'],['accept'],1,1,14.377185,11.27756,14.454269,9.847772,11.639615,13.371105,13.064869,0.35266408,0.0158932,0.38092425,0.003804189,0.02282705,0.12895149,0.09493572,2.0142636,11,11,minor,contrary,major,synonym,random,coordinated,part,partial,unrelated,non,or,separate,different,minors
1,cohyp,coordinated,2,hyp,minor,skillet,pan,5.7,False,"['skill', '##et']",['pan'],2,1,9.894883,14.551423,12.908368,12.569617,11.319735,12.60586,12.803452,0.005596922,0.58919466,0.113943376,0.08120289,0.023267746,0.08419986,0.102594584,1.9065897,1,7,coordinated,minor,synonym,major,part,random,contrary,parts,partial,coordination,coordinate,or,different,separate
2,hyp,minor,2,hyp,minor,nightgown,underwear,2.79,True,"['night', '##go', '##wn']",['underwear'],3,1,10.726564,12.913902,15.535838,14.042937,9.883559,12.094442,12.230928,0.00591811,0.052738987,0.72581184,0.16310431,0.0025472438,0.023240468,0.026639126,1.3173543,1,1,minor,part,coordinated,synonym,major,contrary,random,partial,parts,separate,minors,full,no,different
1,cohyp,coordinated,1,cohyp,coordinated,leopard,tiger,0.69,True,['leopard'],['tiger'],1,1,12.10184,14.213467,13.9663515,13.094138,8.911438,13.306492,13.4215145,0.03916832,0.3235957,0.25274467,0.105653666,0.0016119848,0.13064976,0.14657581,2.3585339,2,2,coordinated,minor,synonym,major,part,contrary,random,partial,unrelated,coordinate,non,parts,separate,lesser
3,mero,part,2,hyp,minor,hip,joint,4.69,False,['hip'],['joint'],1,1,9.295841,11.740797,12.402815,15.030862,8.347711,10.200836,11.883242,0.0027734847,0.03197839,0.061996516,0.8584472,0.0010746274,0.006855831,0.036873937,0.8555726,6,13,part,minor,synonym,coordinated,major,contrary,random,partial,parts,coordinate,side,multiple,joint,opposite
4,no-rel,random,4,no-rel,random,fish,valve,0.0,True,['fish'],['valve'],1,1,7.0131564,11.001035,12.629398,11.153761,15.287602,11.088583,10.9302635,0.00022603378,0.0121923415,0.06212643,0.014204149,0.8865838,0.013307878,0.0113592995,0.7267604,6,5,random,minor,part,major,coordinated,synonym,contrary,specific,side,control,coordinate,main,parts,head
4,no-rel,random,4,no-rel,random,meal,pen,0.1,True,['meal'],['pen'],1,1,7.6765013,12.027486,10.535377,11.424039,13.834904,12.946802,10.637329,0.0012123064,0.09402016,0.021144925,0.051421806,0.57302374,0.23576264,0.023414431,1.7488602,3,6,random,major,coordinated,part,synonym,minor,contrary,specific,parts,coordinate,summary,coordination,related,key
2,hyp,minor,2,hyp,minor,girl,child,5.33,True,['girl'],['child'],1,1,13.248255,11.150806,13.871462,13.465762,5.752302,11.342014,10.6715555,0.2244235,0.027552314,0.41852722,0.2789527,0.00012462852,0.033357892,0.01706169,1.9317567,5,4,minor,part,contrary,major,coordinated,synonym,parts,separate,unrelated,or,/,coordinate,component,opposite
2,hyp,minor,2,hyp,minor,mission,duty,4.44,True,['mission'],['duty'],1,1,13.337208,12.530958,15.4401455,13.554181,9.295213,14.798758,14.161346,0.057178304,0.025531804,0.46830145,0.07103323,0.0010041882,0.24658932,0.13036172,2.0459797,5,3,minor,major,synonym,part,contrary,coordinated,random,coordinate,specific,separate,parts,component,independent,unrelated
3,mero,part,3,mero,part,tusk,elephant,1.5,True,"['tu', '##sk']",['elephant'],2,1,8.094822,11.361125,11.157457,15.0301,10.862863,11.782394,10.174677,0.0008768995,0.022987261,0.01875148,0.90136933,0.013966726,0.035030168,0.007018097,0.68228704,4,2,part,major,coordinated,minor,random,synonym,parts,contrary,of,one,the,particular,partial,specific
5,r-hyp,major,2,hyp,minor,mushroom,fungus,5.33,False,['mushroom'],['fungus'],1,1,10.125712,11.857695,15.380032,12.452615,7.909534,15.3894005,12.532952,0.002423102,0.013695001,0.46376026,0.024827477,0.0002641786,0.4681256,0.026904363,1.4083945,7,1,major,minor,synonym,part,coordinated,contrary,random,partial,parts,related,specific,general,small,unrelated
0,ant,contrary,6,syn,synonym,wed,marry,4.91,False,['wed'],['marry'],1,1,15.94401,13.517043,14.13926,10.88036,8.545501,12.784761,13.092581,0.73530823,0.06493086,0.12096973,0.004648942,0.0004501298,0.031219454,0.042472668,1.3416765,4,2,contrary,minor,coordinated,synonym,major,part,random,separate,coordinate,unrelated,different,equal,partial,non
0,ant,contrary,0,ant,contrary,sorrow,joy,0.6,True,['sorrow'],['joy'],1,1,16.70952,14.067602,15.103539,12.746056,10.083996,13.154808,14.287765,0.70942324,0.05052833,0.142376,0.01347704,0.0009407553,0.020282125,0.0629724,1.4278316,5,4,contrary,minor,synonym,coordinated,major,part,random,unrelated,parts,parallel,coordinate,separate,partial,particular
2,hyp,minor,5,r-hyp,major,accept,allow,3.55,False,['accept'],['allow'],1,1,14.025261,10.906512,14.735653,8.821114,11.488927,12.846657,12.853979,0.26445735,0.01169231,0.53811485,0.001452858,0.0209334,0.08137563,0.08197368,1.7843933,11,10,minor,contrary,synonym,major,random,coordinated,part,non,different,partial,other,coordinate,common,separate
4,no-rel,random,4,no-rel,random,fungus,kindness,0.15,True,['fungus'],['kindness'],1,1,10.851876,12.65772,13.298266,10.703341,15.940134,11.488052,9.457414,0.0054425304,0.03311835,0.06284267,0.0046912935,0.8822733,0.010282262,0.001349564,0.73111486,1,3,random,minor,coordinated,major,contrary,part,synonym,perfect,parts,specific,particular,common,total,good
2,hyp,minor,2,hyp,minor,pill,drug,4.15,True,['pill'],['drug'],1,1,11.378843,12.116958,16.849167,13.5892725,7.963427,12.756319,14.097244,0.00371882,0.007779724,0.8833575,0.033914264,0.0001222105,0.014744678,0.056362692,0.733293,5,3,minor,synonym,part,major,coordinated,contrary,separate,random,component,related,unrelated,coordinate,parts,partial
3,mero,part,3,mero,part,toenail,toe,0.77,True,"['toe', '##nail']",['toe'],2,1,11.895918,13.599066,13.165302,14.059871,6.507011,12.05648,12.77308,0.044766463,0.24582185,0.15930867,0.3897136,0.00020444675,0.052563492,0.10762159,2.2222407,2,9,part,coordinated,minor,synonym,major,contrary,coordinate,parts,partial,random,coordination,side,parallel,separate
4,no-rel,random,2,hyp,minor,reap,get,4.31,False,"['re', '##ap']",['get'],2,1,10.464288,12.016096,14.350766,11.630633,14.452978,12.725941,12.464189,0.007773595,0.036691353,0.37887684,0.024955103,0.41965088,0.074618295,0.057433832,1.9346555,2,37,random,minor,major,synonym,coordinated,part,contrary,partial,parts,different,non,equal,full,separate
2,hyp,minor,2,hyp,minor,tennis,activity,5.42,True,['tennis'],['activity'],1,1,7.162099,9.596064,19.062155,10.316569,10.161043,12.531218,8.161424,6.7774477e-06,7.729005e-05,0.9981476,0.00015886758,0.00013598504,0.0014549389,1.841058e-05,0.021595461,1,6,minor,major,part,random,coordinated,related,secondary,synonym,other,another,lesser,limited,contrary,minors
0,ant,contrary,6,syn,synonym,duty,obligation,4.91,False,['duty'],['obligation'],1,1,15.671517,11.605163,15.599189,12.118367,7.5504084,13.978256,14.883529,0.38241297,0.006554464,0.35573018,0.010950126,0.000113652706,0.07033292,0.17390557,1.8893453,3,5,contrary,minor,synonym,major,part,coordinated,subordinate,parallel,principal,random,partial,separate,particular,unrelated
2,hyp,minor,2,hyp,minor,ritual,custom,4.46,True,['ritual'],['custom'],1,1,10.362624,11.373618,14.744481,12.11247,7.6350694,13.974358,12.811728,0.0072378805,0.019892093,0.57893217,0.041644692,0.0004732051,0.26802006,0.0837999,1.6254634,5,5,minor,major,synonym,part,coordinated,contrary,random,or,specific,coordinate,particular,parts,general,related
2,hyp,minor,0,ant,contrary,sit,stand,0.55,False,['sit'],['stand'],1,1,14.236682,14.076027,15.204683,12.083671,9.383242,14.841806,12.081024,0.15254353,0.12990391,0.40159792,0.017715478,0.0011900672,0.27938047,0.017668657,2.0563784,10,24,minor,major,contrary,coordinated,part,synonym,random,coordinate,separate,different,partial,perfect,parts,complete
2,hyp,minor,2,hyp,minor,jazz,music,5.77,True,['jazz'],['music'],1,1,8.2692375,10.744625,19.008211,12.678711,8.809264,11.840179,12.272853,2.1595537e-05,0.00025669133,0.9959579,0.001775718,3.7059075e-05,0.00076772267,0.0011833468,0.04543652,5,5,minor,part,synonym,major,coordinated,random,contrary,related,other,lesser,component,small,coordinate,limited
0,ant,contrary,6,syn,synonym,attack,assault,4.77,False,['attack'],['assault'],1,1,14.971335,12.776245,14.806842,11.101007,8.929631,13.750715,13.286343,0.40594405,0.045201264,0.34437177,0.008464554,0.00096513354,0.11977263,0.07528061,1.9751124,15,7,contrary,minor,major,synonym,coordinated,part,random,separate,unrelated,coordinate,opposite,parallel,principal,independent
2,hyp,minor,2,hyp,minor,burglar,crook,5.5,True,"['bu', '##rg', '##lar']",['crook'],3,1,10.703095,13.033074,13.977409,11.570425,12.502254,13.602507,12.688396,0.013971827,0.14359859,0.36920676,0.033260565,0.084453486,0.25377652,0.10173221,2.320816,1,4,minor,major,coordinated,synonym,random,part,contrary,parts,coordinate,or,/,general,unrelated,partial
3,mero,part,5,r-hyp,major,measure,gallon,0.82,False,['measure'],['gallon'],1,1,6.359436,11.704512,9.8393135,13.028023,9.914824,12.619114,10.179867,0.0006119998,0.1282591,0.01986291,0.4818166,0.02142084,0.3201068,0.027921794,1.7953904,13,2,part,major,coordinated,synonym,random,minor,per,parts,one,contrary,partial,full,total,coordinate
2,hyp,minor,2,hyp,minor,gravity,force,5.7,True,['gravity'],['force'],1,1,12.263764,12.449421,16.872787,10.455922,12.054929,12.577562,11.156251,0.009499872,0.011437928,0.95365447,0.0015580516,0.0077094184,0.01300165,0.0031385624,0.37908325,3,19,minor,major,coordinated,contrary,random,synonym,part,specific,partial,coordinate,coordination,opposite,relative,small
2,hyp,minor,2,hyp,minor,aspirin,drug,5.92,True,"['as', '##pi', '##rin']",['drug'],3,1,7.4743624,10.119415,19.268204,10.453314,8.909612,10.878023,10.722008,7.5455196e-06,0.000106272535,0.99928504,0.00014839912,3.1696403e-05,0.0002269239,0.00019414385,0.010064476,1,3,minor,major,synonym,part,coordinated,related,random,secondary,side,contrary,subsidiary,minors,sister,component
0,ant,contrary,0,ant,contrary,patience,impatience,2.43,True,['patience'],['impatience'],1,1,17.164062,13.378442,14.570733,10.490312,9.949892,13.567093,14.958538,0.80836517,0.018345663,0.060442016,0.0010214907,0.00059502217,0.02215458,0.08907596,1.0476785,2,3,contrary,synonym,minor,major,coordinated,part,random,coordinate,parallel,unrelated,different,particular,partial,specific
5,r-hyp,major,4,no-rel,random,stream,oxygen,0.46,False,['stream'],['oxygen'],1,1,9.042375,14.224812,11.88712,14.620439,11.882238,14.69714,11.142935,0.0012956624,0.23077865,0.022281744,0.342779,0.022173231,0.37010515,0.010586528,1.8744128,10,1,major,part,coordinated,minor,random,synonym,parts,contrary,coordinate,specific,partial,total,coordination,related
2,hyp,minor,2,hyp,minor,lounge,sit,4.3,True,['lounge'],['sit'],1,1,10.95053,11.735878,13.790694,12.811045,10.638365,12.542107,13.069016,0.02456962,0.05388535,0.4205969,0.15791002,0.017981537,0.12067334,0.2043833,2.2450309,4,10,minor,synonym,part,major,coordinated,contrary,random,non,parts,partial,coordinate,separate,different,or
2,hyp,minor,2,hyp,minor,gallon,measure,5.82,True,['gallon'],['measure'],1,1,8.310647,11.8709,16.318607,13.537823,13.5771885,11.31971,11.502415,0.00028855324,0.010149024,0.8670397,0.05374766,0.055905677,0.0058485116,0.007020905,0.801984,2,13,minor,random,part,coordinated,synonym,major,contrary,specific,equal,small,coordinate,partial,separate,limited
2,hyp,minor,5,r-hyp,major,break,crunch,3.75,False,['break'],['crunch'],1,1,11.584745,13.363875,14.220315,11.893367,12.623417,13.642895,12.8839655,0.027351653,0.16205034,0.38158992,0.037240554,0.07728102,0.21420345,0.10028309,2.368974,75,7,minor,major,coordinated,synonym,random,part,contrary,unrelated,partial,parts,separate,coordinate,coordination,sub
2,hyp,minor,2,hyp,minor,jungle,forest,4.75,True,['jungle'],['forest'],1,1,11.662215,13.055057,14.613677,14.216496,9.134267,12.778196,13.528279,0.021451209,0.08636844,0.41044533,0.27590656,0.0017122916,0.065481134,0.13863507,2.1324058,3,3,minor,part,synonym,coordinated,major,contrary,random,parts,separate,coordinate,partial,unrelated,parallel,component
2,hyp,minor,2,hyp,minor,suggest,say,3.75,True,['suggest'],['say'],1,1,10.764616,11.006564,15.464378,10.725953,12.5167265,14.21155,12.115196,0.006485622,0.008260919,0.7129063,0.0062396536,0.037401024,0.20367415,0.025032321,1.2761066,5,12,minor,major,random,synonym,coordinated,contrary,part,or,non,specific,other,general,principal,partial
2,hyp,minor,2,hyp,minor,lava,rock,3.07,True,['lava'],['rock'],1,1,9.582602,12.716823,17.650543,13.170977,10.052535,12.263691,13.168198,0.00030275973,0.0069546136,0.9659633,0.0109524075,0.00048438154,0.0044205915,0.010922013,0.28406087,1,9,minor,part,synonym,coordinated,major,random,contrary,small,component,related,parts,partial,separate,unrelated
2,hyp,minor,2,hyp,minor,marry,join,3.55,True,['marry'],['join'],1,1,11.595195,11.848763,14.516996,10.950455,12.2249365,12.413696,11.870837,0.03724431,0.047993608,0.6918026,0.019545773,0.06991225,0.084436566,0.049064778,1.6485902,2,7,minor,major,random,synonym,coordinated,contrary,part,non,separate,unrelated,different,other,equal,partial
2,hyp,minor,1,cohyp,coordinated,clam,mussel,3.38,False,"['cl', '##am']","['mu', '##ssel']",2,2,6.873181,13.447467,14.798642,12.3270855,8.883869,12.443314,10.653114,0.00024803472,0.17770049,0.6862725,0.057957973,0.0018524365,0.065101415,0.010867177,1.401058,4,2,minor,coordinated,major,part,synonym,random,or,contrary,small,parts,partial,specific,lesser,and
2,hyp,minor,6,syn,synonym,overwhelm,overcome,2.85,False,"['over', '##w', '##helm']",['overcome'],3,1,13.180892,12.14103,13.41469,9.980765,13.012124,12.299967,11.805793,0.23983295,0.08478181,0.3030024,0.009774882,0.20258807,0.09938662,0.060633253,2.4259388,4,4,minor,contrary,random,major,coordinated,synonym,part,equal,partial,non,separate,different,unrelated,coordinate
5,r-hyp,major,0,ant,contrary,professional,amateur,0.23,False,['professional'],['amateur'],1,1,11.481808,12.338415,12.091985,10.821603,6.890295,13.625151,10.347406,0.06862329,0.16161862,0.12631883,0.035460774,0.00069566944,0.58521247,0.022070251,1.8191426,8,4,major,coordinated,minor,contrary,part,synonym,coordinate,individual,random,partial,general,professional,regular,parts
2,hyp,minor,0,ant,contrary,disbelief,belief,3.0,False,['disbelief'],['belief'],1,1,16.347448,11.343431,16.723879,11.514204,10.012756,14.178379,15.666095,0.32323387,0.0021692016,0.47097573,0.0025731523,0.0005733173,0.036940437,0.16353425,1.6887665,2,2,minor,contrary,synonym,major,part,coordinated,random,partial,general,unrelated,parallel,non,particular,relative
5,r-hyp,major,3,mero,part,act,drama,3.62,False,['act'],['drama'],1,1,7.736002,11.696332,13.424986,13.708066,10.419763,14.549936,10.171958,0.00059598486,0.03127409,0.17616904,0.23381355,0.0087252455,0.5426119,0.006810162,1.6815181,15,4,major,part,minor,coordinated,random,synonym,contrary,parts,specific,one,particular,general,coordination,component
2,hyp,minor,5,r-hyp,major,create,build,3.77,False,['create'],['build'],1,1,12.76874,12.756275,15.542898,10.667765,10.487009,14.539194,12.813604,0.039750997,0.03925859,0.6370151,0.004863021,0.004058868,0.23347835,0.041575022,1.5331218,6,12,minor,major,synonym,contrary,coordinated,part,random,coordinate,partial,separate,different,complete,perfect,limited
2,hyp,minor,2,hyp,minor,grab,take,4.5,True,['grab'],['take'],1,1,10.171195,13.224028,13.848064,10.702116,12.777891,13.339792,10.884835,0.009730663,0.20604913,0.38457984,0.01654697,0.13189131,0.23133785,0.019864261,2.1490557,8,44,minor,major,coordinated,random,synonym,part,contrary,coordinate,partial,different,and,/,total,or
4,no-rel,random,4,no-rel,random,procedure,tear,0.08,True,['procedure'],['tear'],1,1,5.0185003,9.852283,11.336008,9.102236,12.6619835,12.66177,9.465583,0.000200033,0.025141234,0.1108563,0.011875322,0.41746897,0.4173798,0.017078316,1.7163131,4,9,random,major,minor,coordinated,synonym,part,:,partial,specific,include,total,includes,non,included
4,no-rel,random,4,no-rel,random,snail,courage,0.15,True,['snail'],['courage'],1,1,9.835232,11.971971,12.471094,10.317777,16.238308,11.403742,9.621516,0.0015764076,0.013354953,0.021999307,0.0025540835,0.95167613,0.007565956,0.0012730722,0.37452427,3,1,random,minor,coordinated,major,part,contrary,synonym,parts,specific,different,common,particular,equal,perfect
2,hyp,minor,2,hyp,minor,medicine,drug,3.83,True,['medicine'],['drug'],1,1,8.901789,12.288169,16.878046,13.023222,9.262889,13.967567,12.809927,0.00031123884,0.009199834,0.9060212,0.01918711,0.00044659892,0.049332548,0.015501606,0.61662066,5,3,minor,major,part,synonym,coordinated,random,contrary,related,separate,specific,parts,particular,small,component
2,hyp,minor,6,syn,synonym,speech,language,3.67,False,['speech'],['language'],1,1,11.7724,11.777835,17.321901,13.238588,8.463752,12.570076,13.250619,0.003702476,0.0037226537,0.95194113,0.016041677,0.00013538316,0.008220885,0.016235834,0.37842616,8,6,minor,synonym,part,major,coordinated,contrary,random,separate,unrelated,small,component,limited,general,specific
2,hyp,minor,1,cohyp,coordinated,traitor,thief,1.58,False,['traitor'],['thief'],1,1,10.723376,12.255298,14.065319,10.454978,9.792341,13.600666,10.891674,0.018515376,0.08567174,0.52350384,0.014156916,0.0072977534,0.32894528,0.02190904,1.6862612,2,1,minor,major,coordinated,synonym,contrary,part,random,or,and,/,principal,partial,general,parts
2,hyp,minor,2,hyp,minor,maroon,color,5.9,True,['maroon'],['color'],1,1,8.965072,11.319141,18.348732,10.401242,9.413728,10.268961,9.688707,8.392423e-05,0.000883582,0.998066,0.0003528648,0.00013144263,0.0003091429,0.00017304471,0.024395693,6,15,minor,coordinated,part,major,synonym,random,contrary,secondary,alternate,primary,variable,third,other,neutral
2,hyp,minor,6,syn,synonym,existence,being,4.69,False,['existence'],['being'],1,1,12.637963,11.396885,16.344349,11.979136,9.2823925,13.592716,12.78679,0.021595318,0.0062426087,0.8790679,0.011174671,0.00075344875,0.056105256,0.025060756,0.77538455,2,15,minor,major,synonym,contrary,part,coordinated,random,separate,general,independent,partial,particular,lesser,equal
2,hyp,minor,2,hyp,minor,wound,injury,5.46,True,['wound'],['injury'],1,1,13.447592,11.753711,16.002773,13.235611,9.857648,13.308546,14.160283,0.056168146,0.010323975,0.7230883,0.045438923,0.0015502342,0.048876863,0.114553414,1.4277242,14,5,minor,synonym,contrary,major,part,coordinated,random,unrelated,separate,parts,partial,related,parallel,particular
5,r-hyp,major,1,cohyp,coordinated,mussel,scallop,2.85,False,"['mu', '##ssel']","['sc', '##all', '##op']",2,3,7.052262,13.053595,13.451887,12.095103,8.813566,13.475262,10.702173,0.0005489574,0.22176057,0.33026353,0.085038744,0.0031949452,0.3380742,0.021119082,1.9910209,2,9,major,minor,coordinated,part,synonym,random,contrary,partial,parts,common,or,general,separate,and
3,mero,part,1,cohyp,coordinated,back,shoulder,1.69,False,['back'],['shoulder'],1,1,8.842112,11.564065,7.8215303,13.41388,7.060056,8.564842,5.9116993,0.008751592,0.13311176,0.003153946,0.84641045,0.0014728219,0.0066323965,0.0004671165,0.7439323,28,8,part,coordinated,contrary,major,minor,one,to,random,side,or,parts,and,synonym,/
2,hyp,minor,5,r-hyp,major,destroy,kill,3.92,False,['destroy'],['kill'],1,1,14.580547,12.161443,15.245926,9.51535,10.162769,14.059446,13.105663,0.2580463,0.022966452,0.5019586,0.0016289605,0.003112297,0.15324503,0.059042353,1.8251811,4,17,minor,contrary,major,synonym,coordinated,random,part,coordinate,separate,equal,different,partial,unrelated,general
2,hyp,minor,2,hyp,minor,pony,horse,4.75,True,['pony'],['horse'],1,1,11.354983,12.236388,14.934341,13.882279,8.595071,12.439959,13.461267,0.015866786,0.038307007,0.5688326,0.19864595,0.0010043249,0.04695564,0.13038768,1.8017286,5,6,minor,part,synonym,major,coordinated,contrary,random,unrelated,separate,parts,partial,independent,coordinate,component
2,hyp,minor,3,mero,part,sandwich,meal,4.31,False,['sandwich'],['meal'],1,1,7.1062036,11.770541,17.04808,15.255098,9.843136,11.181429,11.521202,4.080574e-05,0.0043292986,0.8480544,0.1411697,0.00063002243,0.0024019796,0.0033738902,0.69026756,3,3,minor,part,coordinated,synonym,major,random,separate,parts,partial,related,small,component,limited,contrary
0,ant,contrary,2,hyp,minor,foe,adversary,4.86,False,['foe'],['adversary'],1,1,15.514198,12.519458,15.003197,10.470308,7.3976355,13.705418,13.052699,0.52469975,0.02626102,0.31476444,0.0033835864,0.00015665071,0.08597405,0.044760544,1.6857076,2,1,contrary,minor,major,synonym,coordinated,part,unrelated,separate,coordinate,different,random,independent,lesser,principal
2,hyp,minor,2,hyp,minor,shatter,break,5.15,True,['shatter'],['break'],1,1,13.800754,13.722199,15.652354,11.620688,10.194639,13.843143,14.069047,0.0927155,0.08571103,0.59059846,0.01048002,0.0025178902,0.09673019,0.12124692,1.8563112,3,75,minor,synonym,major,contrary,coordinated,part,random,partial,separate,perfect,coordinate,unrelated,parts,equal
2,hyp,minor,2,hyp,minor,job,activity,4.77,True,['job'],['activity'],1,1,9.4559965,12.279392,17.809683,13.239978,11.841916,14.151594,12.249995,0.00022500692,0.0037877478,0.95533514,0.009898243,0.002445612,0.024630206,0.00367802,0.3446527,17,6,minor,major,part,coordinated,synonym,random,contrary,related,specific,particular,component,unrelated,parts,coordinate
2,hyp,minor,2,hyp,minor,rum,alcohol,5.62,True,['rum'],['alcohol'],1,1,9.509077,10.595975,19.159288,11.221938,9.042169,12.531391,12.456429,6.420628e-05,0.00019037559,0.996807,0.00035601118,4.0253326e-05,0.0013187178,0.0012234775,0.03696493,3,2,minor,major,synonym,part,coordinated,contrary,random,related,lesser,secondary,other,small,unrelated,minors
2,hyp,minor,2,hyp,minor,smother,kill,4.4,True,"['sm', '##oth', '##er']",['kill'],3,1,10.957489,12.136499,15.270167,10.805174,13.285557,13.490183,12.463129,0.00933685,0.030355548,0.6969037,0.008017718,0.09577835,0.117526375,0.04208153,1.5143977,7,17,minor,major,random,synonym,coordinated,contrary,part,partial,unrelated,different,coordinate,specific,non,or
2,hyp,minor,2,hyp,minor,search,examine,4.15,True,['search'],['examine'],1,1,11.519387,12.249851,15.217449,10.982322,12.638419,14.434893,13.405041,0.013861901,0.02877791,0.55959094,0.008101738,0.042443592,0.2558649,0.09135907,1.7698933,9,5,minor,major,synonym,random,coordinated,contrary,part,unrelated,coordinate,independent,partial,general,non,specific
4,no-rel,random,4,no-rel,random,destiny,stream,0.38,True,['destiny'],['stream'],1,1,9.849464,12.257761,13.659436,11.318648,15.167505,11.976358,11.633506,0.0035722405,0.039705493,0.16128367,0.01552384,0.72867936,0.029966705,0.021268655,1.334232,3,10,random,minor,coordinated,major,synonym,part,contrary,parts,side,specific,particular,coordinate,one,different
2,hyp,minor,2,hyp,minor,doll,toy,5.93,True,['doll'],['toy'],1,1,10.23164,11.10171,16.947622,13.1348715,8.268609,13.71965,13.102908,0.0011140386,0.0026592982,0.9196326,0.020312237,0.00015644684,0.036452215,0.019673256,0.5466618,2,8,minor,major,part,synonym,coordinated,contrary,random,separate,parts,unrelated,or,related,component,particular
2,hyp,minor,4,no-rel,random,attack,remove,1.14,False,['attack'],['remove'],1,1,10.949903,10.443476,14.054137,8.617373,11.472132,13.4845085,12.0666685,0.024187278,0.014576345,0.5391865,0.0023473753,0.040774465,0.3050369,0.07389113,1.7082419,15,9,minor,major,synonym,random,contrary,coordinated,part,partial,non,separate,unrelated,coordinate,or,/
0,ant,contrary,0,ant,contrary,joy,sorrow,0.69,True,['joy'],['sorrow'],1,1,16.940613,13.463753,14.4504,12.0586195,9.408327,13.131142,14.109634,0.83123505,0.025688734,0.06890304,0.0063023292,0.000445137,0.018420083,0.049005583,0.9936812,4,5,contrary,minor,synonym,coordinated,major,part,random,parts,parallel,unrelated,coordinate,separate,particular,partial
2,hyp,minor,2,hyp,minor,citrus,tree,3.42,True,['citrus'],['tree'],1,1,3.7464442,7.7575912,17.892479,10.399514,11.942252,13.828077,11.346156,7.032095e-07,3.882429e-05,0.9786543,0.00054509984,0.0025496387,0.016806688,0.0014047448,0.17130648,2,7,minor,major,random,synonym,part,small,coordinated,lesser,component,big,smaller,national,related,main
3,mero,part,3,mero,part,flour,bread,0.25,True,['flour'],['bread'],1,1,10.3867855,13.752308,13.195815,17.660164,9.764132,11.998674,12.406458,0.00066620513,0.019285718,0.011054881,0.96027607,0.0003574315,0.0033392003,0.005020426,0.31479838,3,3,part,coordinated,minor,synonym,major,parts,contrary,random,partial,component,coordination,separate,half,components
0,ant,contrary,0,ant,contrary,hope,despair,0.17,True,['hope'],['despair'],1,1,17.705168,12.985176,14.817117,11.149448,9.846886,13.275974,14.372783,0.89763343,0.0080026295,0.049984388,0.0012763984,0.00034696885,0.010703473,0.03205255,0.6570562,9,3,contrary,minor,synonym,major,coordinated,part,random,parallel,unrelated,different,separate,opposite,partial,particular
5,r-hyp,major,3,mero,part,picture,television,0.64,False,['picture'],['television'],1,1,7.527835,12.367654,10.943279,13.317529,11.83143,14.593252,9.917747,0.000574568,0.072652094,0.017484374,0.18783371,0.042498074,0.67268723,0.006269991,1.4605232,12,3,major,part,coordinated,random,minor,synonym,parts,contrary,coordination,specific,direction,individual,big,related
2,hyp,minor,2,hyp,minor,phone,device,5.54,True,['phone'],['device'],1,1,8.266116,11.140844,17.69828,12.484055,10.931443,12.095041,11.839051,7.8950674e-05,0.001399054,0.98558193,0.005360228,0.0011347304,0.003632762,0.0028123013,0.13980152,4,5,minor,part,major,synonym,coordinated,random,related,contrary,specific,unrelated,similar,small,separate,another
2,hyp,minor,1,cohyp,coordinated,pour,spill,2.08,False,['pour'],['spill'],1,1,11.6599045,12.118508,12.900995,10.480841,11.827672,12.68379,11.346689,0.09052591,0.14319967,0.31316397,0.027842743,0.10706153,0.25202337,0.066182815,2.4891331,6,10,minor,major,coordinated,random,contrary,synonym,part,separate,coordinate,different,partial,non,total,or
3,mero,part,5,r-hyp,major,extremity,leg,2.08,False,"['ex', '##tre', '##mity']",['leg'],3,1,9.004947,10.287923,10.705904,15.441431,6.774918,10.229082,10.637903,0.001555397,0.0056108763,0.008522316,0.9708919,0.00016724452,0.0052902536,0.0079620555,0.2540513,5,9,part,minor,synonym,coordinated,major,contrary,parts,separate,partial,side,random,non,opposite,of
3,mero,part,3,mero,part,bread,sandwich,1.31,True,['bread'],['sandwich'],1,1,9.007196,13.3117,12.801705,15.83274,10.322894,12.750832,11.501325,0.0009102035,0.06738459,0.040464375,0.83836734,0.0033926477,0.038457282,0.01102363,0.9521823,3,3,part,coordinated,minor,major,synonym,random,contrary,parts,partial,separate,or,full,one,/
3,mero,part,1,cohyp,coordinated,chamber,cell,3.0,False,['chamber'],['cell'],1,1,8.45593,12.924339,11.602627,14.471862,6.834652,11.059948,11.468651,0.0018003647,0.15702401,0.041874886,0.7379834,0.00035583484,0.024337234,0.036624238,1.2602754,6,7,part,coordinated,minor,synonym,major,contrary,parts,separate,partial,random,coordinate,sub,component,or
2,hyp,minor,2,hyp,minor,demand,request,3.91,True,['demand'],['request'],1,1,15.135156,12.010927,15.600385,11.794728,9.341396,13.155245,14.069235,0.3167253,0.013926679,0.50434667,0.011218986,0.00096490607,0.04373392,0.10908354,1.737761,11,5,minor,contrary,synonym,major,coordinated,part,random,partial,separate,unrelated,sub,parallel,independent,non
5,r-hyp,major,5,r-hyp,major,meal,supper,1.77,True,['meal'],['supper'],1,1,12.326069,12.602484,13.3918915,14.182729,8.781802,14.821829,13.135672,0.038416043,0.05064751,0.11153046,0.24595168,0.0011098317,0.46602306,0.08632143,2.078528,3,2,major,part,minor,synonym,coordinated,contrary,random,parts,separate,partial,principal,unrelated,general,summary
2,hyp,minor,1,cohyp,coordinated,stir,turn,2.86,False,['stir'],['turn'],1,1,11.62198,12.14452,13.537687,12.717303,12.533171,11.555449,10.169899,0.062014744,0.104575805,0.42118818,0.18543339,0.15424821,0.058023084,0.01451658,2.3085215,11,38,minor,part,random,coordinated,contrary,major,synonym,different,partial,non,separate,or,parts,unrelated
2,hyp,minor,4,no-rel,random,accelerate,build,0.57,False,['accelerate'],['build'],1,1,10.3372755,12.860388,15.18449,11.829593,13.029249,13.737116,12.464601,0.0050400104,0.062835515,0.6420222,0.022414887,0.07439449,0.15099527,0.042297725,1.7063159,2,12,minor,major,random,coordinated,synonym,part,contrary,partial,coordinate,separate,specific,unrelated,different,complete
4,no-rel,random,2,hyp,minor,reminiscence,memory,4.09,False,"['re', '##mini', '##sc', '##ence']",['memory'],4,1,10.0356,11.334358,12.917113,11.186261,13.307834,11.535057,9.741461,0.017463924,0.06400082,0.3115784,0.05519094,0.4605269,0.07822542,0.013013645,1.9948916,2,5,random,minor,major,coordinated,part,contrary,synonym,specific,partial,in,unrelated,particular,related,common
2,hyp,minor,2,hyp,minor,religion,belief,4.58,True,['religion'],['belief'],1,1,14.668598,10.908529,18.742435,12.820055,8.49805,13.655882,14.879878,0.016243411,0.0003781813,0.9548217,0.0025577913,3.395018e-05,0.00590011,0.020064805,0.34390244,2,2,minor,synonym,contrary,major,part,coordinated,separate,unrelated,random,general,limited,partial,related,parallel
3,mero,part,3,mero,part,gauze,bandage,4.9,True,"['ga', '##uze']",['bandage'],2,1,9.904337,12.865237,13.838647,14.2063465,9.375949,13.815039,13.067763,0.0045565297,0.08801098,0.23296104,0.3364908,0.0026863227,0.22752565,0.107768744,2.2176979,2,3,part,minor,major,synonym,coordinated,contrary,random,partial,parts,coordinate,or,/,general,coordination
3,mero,part,5,r-hyp,major,tissue,skin,2.62,False,['tissue'],['skin'],1,1,10.811191,12.244115,12.969437,15.598513,7.8544927,12.597414,13.014461,0.0067159184,0.028145991,0.0581326,0.8057735,0.0003491627,0.040073052,0.060809776,1.1187443,3,10,part,synonym,minor,major,coordinated,contrary,parts,random,partial,separate,component,coordinate,particular,specific
2,hyp,minor,2,hyp,minor,pinch,touch,4.85,True,['pinch'],['touch'],1,1,11.511039,13.394011,14.381791,12.769737,10.289775,11.693563,11.342676,0.032170597,0.21145764,0.5678204,0.1132674,0.009485734,0.038612556,0.027185678,1.8394451,12,27,minor,coordinated,part,major,contrary,synonym,random,partial,coordinate,opposite,perfect,small,one,separate
4,no-rel,random,4,no-rel,random,destroy,taste,0.2,True,['destroy'],['taste'],1,1,11.342548,11.2344,14.59015,10.35845,14.854572,12.05966,11.563713,0.015429267,0.013847678,0.39697275,0.0057670907,0.5171278,0.031606972,0.019248456,1.5095855,4,13,random,minor,major,synonym,contrary,coordinated,part,equal,the,bad,common,specific,trivial,all
2,hyp,minor,0,ant,contrary,build,break,0.64,False,['build'],['break'],1,1,12.1723585,13.127981,14.429298,10.799341,10.959954,14.08601,11.980192,0.04693099,0.12203415,0.4483697,0.011889563,0.013961088,0.31808853,0.038726028,1.9656683,12,75,minor,major,coordinated,contrary,synonym,random,part,perfect,coordinate,partial,separate,complete,different,total
2,hyp,minor,1,cohyp,coordinated,brand,type,3.43,False,['brand'],['type'],1,1,9.831674,10.561218,14.713801,11.862727,9.238444,13.980997,13.198998,0.004245351,0.008805436,0.5600087,0.032358546,0.0023457268,0.26911747,0.12311876,1.624339,10,8,minor,major,synonym,part,coordinated,contrary,random,specific,different,coordinate,or,particular,separate,number
3,mero,part,3,mero,part,tree,forest,0.5,True,['tree'],['forest'],1,1,9.091325,10.614194,12.742812,16.488558,9.592377,13.548866,12.758326,0.00055474153,0.0025436908,0.021375265,0.9050408,0.0009155768,0.047860403,0.021709453,0.61585444,7,3,part,major,synonym,minor,coordinated,random,parts,contrary,separate,component,sub,partial,different,related
0,ant,contrary,2,hyp,minor,capture,seize,5.5,False,['capture'],['seize'],1,1,14.291287,13.782709,13.810684,10.236191,10.686293,13.451145,13.609374,0.31234586,0.18782915,0.19315788,0.0054141423,0.00849193,0.13482381,0.15793723,2.3451602,11,8,contrary,minor,coordinated,synonym,major,random,part,coordinate,partial,separate,principal,different,or,total
2,hyp,minor,2,hyp,minor,grab,touch,4.3,True,['grab'],['touch'],1,1,9.94311,13.228525,13.228884,11.521236,12.389646,12.210682,10.674299,0.0121098645,0.32357633,0.32369238,0.05868278,0.13984792,0.11693191,0.025158834,2.263262,8,27,minor,coordinated,random,major,part,synonym,contrary,coordinate,different,partial,perfect,parts,and,one
2,hyp,minor,3,mero,part,nucleus,atom,1.15,False,['nucleus'],['atom'],1,1,10.137396,14.080632,14.583065,13.636796,8.557353,11.512829,12.384135,0.005418369,0.27950808,0.4619534,0.17932414,0.0011160013,0.021439346,0.051240705,1.8635663,6,2,minor,coordinated,part,synonym,major,contrary,random,parts,coordinate,partial,separate,parallel,one,unrelated
5,r-hyp,major,5,r-hyp,major,flower,orchid,2.15,True,['flower'],['orchid'],1,1,5.7647004,11.080158,10.74203,13.634253,7.692675,14.214392,10.654204,0.0001285457,0.026153617,0.018650247,0.3363263,0.00088382553,0.6007753,0.017082144,1.3259062,4,1,major,part,coordinated,minor,synonym,random,parts,one,partial,:,contrary,include,related,specific
2,hyp,minor,4,no-rel,random,hockey,sentence,0.71,False,['hockey'],['sentence'],1,1,8.130264,10.574165,15.675718,12.4542675,15.402015,11.8314705,11.997768,0.00028510208,0.0032837729,0.5394478,0.02152242,0.41028103,0.011545529,0.0136344,1.3161306,2,4,minor,random,part,synonym,major,coordinated,contrary,specific,partial,related,limited,separate,unrelated,equal
5,r-hyp,major,1,cohyp,coordinated,perfume,deodorant,2.64,False,['perfume'],"['de', '##od', '##oran', '##t']",1,4,7.9655185,12.989478,12.639712,10.933241,11.994824,14.573719,11.542829,0.00089867203,0.13660896,0.096289255,0.01747699,0.05052503,0.6660491,0.032151945,1.5961233,4,1,major,coordinated,minor,random,synonym,part,contrary,particular,specific,parts,general,related,coordination,majors
2,hyp,minor,2,hyp,minor,recommend,advise,4.0,True,['recommend'],['advise'],1,1,12.270453,12.7669115,15.249695,11.97159,11.016257,14.405464,13.439675,0.028555628,0.04691381,0.56177163,0.021178588,0.0081470655,0.24149886,0.09193446,1.8068463,3,3,minor,major,synonym,coordinated,contrary,part,random,coordinate,minors,partial,principal,general,parts,independent
5,r-hyp,major,3,mero,part,sister,sorority,1.07,False,['sister'],['sorority'],1,1,9.274137,12.776582,12.932265,12.748903,9.02563,13.117897,9.568443,0.006489359,0.21542415,0.25171372,0.20954332,0.005061471,0.303058,0.008709989,2.1178434,4,1,major,minor,coordinated,part,synonym,contrary,random,parts,general,separate,member,sub,coordinate,independent
2,hyp,minor,0,ant,contrary,answer,question,0.82,False,['answer'],['question'],1,1,10.009564,9.434533,13.727754,12.285676,11.306824,12.596901,10.801613,0.013956218,0.007852986,0.574853,0.13591596,0.051069345,0.18553837,0.030814137,1.8161614,15,11,minor,major,part,random,synonym,contrary,coordinated,specific,complete,partial,one,unrelated,unknown,non
2,hyp,minor,2,hyp,minor,bone,tissue,1.23,True,['bone'],['tissue'],1,1,7.949615,10.397309,18.400091,12.795243,10.937972,12.260981,11.240427,2.8717626e-05,0.00033202325,0.9925045,0.0036523968,0.0005701319,0.0021406745,0.00077148917,0.07772061,6,3,minor,part,major,synonym,random,coordinated,specific,contrary,small,parts,component,related,other,lesser
2,hyp,minor,2,hyp,minor,quotient,amount,4.42,True,"['quo', '##tie', '##nt']",['amount'],3,1,10.643416,9.859629,15.673407,11.275879,10.562403,11.851099,11.6469755,0.006124961,0.0027971044,0.9366996,0.011528647,0.005648324,0.02049242,0.016708734,0.48710254,2,7,minor,major,synonym,part,contrary,random,coordinated,equal,relative,partial,total,small,specific,finite
0,ant,contrary,6,syn,synonym,way,path,4.67,False,['way'],['path'],1,1,14.60973,13.565631,13.298543,12.804119,8.438559,13.337017,12.376456,0.4597237,0.16182683,0.12389555,0.07556665,0.00096026546,0.12875521,0.049271815,2.1998487,13,4,contrary,coordinated,major,minor,part,synonym,random,coordinate,separate,unrelated,different,or,parts,independent
2,hyp,minor,2,hyp,minor,daughter,female,4.8,True,['daughter'],['female'],1,1,12.223216,10.784221,14.163172,12.473521,8.401382,12.543316,9.352131,0.091442645,0.02168708,0.6362984,0.11745052,0.0020014627,0.12594078,0.0051790765,1.6470773,1,5,minor,major,part,contrary,coordinated,synonym,non,random,partial,separate,other,unrelated,sub,none
3,mero,part,3,mero,part,eyeball,eye,2.17,True,"['eye', '##ball']",['eye'],2,1,10.530468,12.679972,12.748759,13.128503,7.118249,10.7553425,11.287743,0.028068516,0.2408447,0.25799492,0.37716526,0.00092536176,0.03514643,0.0598549,2.0964398,2,6,part,minor,coordinated,synonym,major,contrary,random,partial,parts,separate,side,opposite,coordinate,one
0,ant,contrary,0,ant,contrary,son,daughter,0.91,True,['son'],['daughter'],1,1,14.493379,11.3917675,11.88986,11.690463,4.7307706,11.359001,10.504166,0.80533373,0.03622124,0.059604928,0.04882982,4.635849e-05,0.035053637,0.014910174,1.1407315,2,1,contrary,minor,part,coordinated,major,synonym,opposite,unrelated,and,principal,parallel,or,partial,daughter
2,hyp,minor,4,no-rel,random,restroom,communication,0.14,False,['restroom'],['communication'],1,1,9.482781,12.080098,16.190783,12.0277605,14.893536,12.64506,12.476656,0.0008980769,0.012059071,0.735464,0.01144416,0.20098989,0.021216488,0.017928202,1.1729691,1,3,minor,random,major,synonym,coordinated,part,contrary,unrelated,limited,related,specific,separate,non,parts
2,hyp,minor,5,r-hyp,major,light,aura,2.67,False,['light'],['aura'],1,1,10.851942,12.685187,13.196503,12.805464,10.402342,13.192871,11.898338,0.025898375,0.16197233,0.2700861,0.18267378,0.016520137,0.26910704,0.07374229,2.4047606,47,3,minor,major,part,coordinated,synonym,contrary,random,partial,parts,or,particular,coordinate,specific,general
2,hyp,minor,2,hyp,minor,siren,signal,4.92,True,['siren'],['signal'],1,1,9.0887575,12.15178,17.523088,12.0349045,12.708818,12.1434555,12.2763195,0.00021156865,0.0045259017,0.9737214,0.004026676,0.00789994,0.004488382,0.005126157,0.23645443,5,6,minor,random,synonym,coordinated,major,part,contrary,coordinate,specific,partial,secondary,variable,summary,component
2,hyp,minor,2,hyp,minor,pill,medication,4.7,True,['pill'],['medication'],1,1,11.929936,12.95458,16.354534,14.475481,10.034191,13.600027,14.414862,0.008512191,0.023715839,0.710591,0.108531885,0.001278585,0.045222286,0.10214819,1.4350075,5,2,minor,part,synonym,major,coordinated,contrary,random,parts,separate,partial,related,unrelated,component,coordinate
2,hyp,minor,2,hyp,minor,leather,material,5.54,True,['leather'],['material'],1,1,7.471229,10.273461,19.16607,10.12317,11.05893,11.249447,10.964232,8.326687e-06,0.00013723536,0.9987972,0.00011808515,0.0003010169,0.00036419262,0.00027381934,0.016098088,2,11,minor,major,random,synonym,coordinated,part,related,lesser,variable,similar,secondary,contrary,specific,limited
3,mero,part,3,mero,part,shelf,counter,1.91,True,['shelf'],['counter'],1,1,12.345557,12.278768,10.753911,13.527378,7.6003733,10.937649,11.988112,0.15742832,0.1472572,0.032050863,0.5132644,0.0013685973,0.03851554,0.11011502,2.0242856,2,13,part,contrary,coordinated,synonym,major,minor,parts,random,coordinate,separate,counter,sub,side,parallel
2,hyp,minor,2,hyp,minor,skin,tissue,4.7,True,['skin'],['tissue'],1,1,9.459104,11.820978,16.408102,14.211898,9.155739,11.79022,12.455359,0.00083287375,0.008837476,0.8679423,0.09653649,0.0006149354,0.008569791,0.016666198,0.73560333,10,3,minor,part,synonym,coordinated,major,contrary,random,parts,separate,component,different,partial,small,specific
2,hyp,minor,6,syn,synonym,damage,harm,4.38,False,['damage'],['harm'],1,1,15.379662,11.221932,15.799287,11.59322,9.009667,13.92724,13.948708,0.32954288,0.0051550525,0.5013637,0.007472762,0.00056423317,0.07711404,0.07878736,1.6991048,7,4,minor,contrary,synonym,major,part,coordinated,random,separate,equal,unrelated,parts,lesser,partial,parallel
4,no-rel,random,5,r-hyp,major,take,kidnap,4.4,False,['take'],['kidnap'],1,1,10.659065,9.521009,11.286266,11.628092,13.694283,11.549509,10.798689,0.03309096,0.010603715,0.061958283,0.08720719,0.68847394,0.080616556,0.038049344,1.6308675,44,1,random,part,major,minor,synonym,contrary,coordinated,different,parts,control,unrelated,/,specific,the
1,cohyp,coordinated,2,hyp,minor,buzz,fly,1.92,False,['buzz'],['fly'],1,1,9.717914,13.733319,13.398326,11.696378,12.255537,12.749575,12.092702,0.006781036,0.37597984,0.26895452,0.049037922,0.08577721,0.140582,0.07288757,2.2795608,6,20,coordinated,minor,major,random,synonym,part,contrary,coordinate,specific,different,or,unrelated,partial,parts
3,mero,part,5,r-hyp,major,forest,jungle,3.2,False,['forest'],['jungle'],1,1,12.096994,14.06873,13.056341,14.513035,9.158925,12.633911,13.402522,0.0364327,0.261701,0.09508902,0.4080979,0.0019297632,0.062326293,0.13442339,2.1868248,3,3,part,coordinated,synonym,minor,major,contrary,random,parts,separate,parallel,partial,coordinate,unrelated,coordination
0,ant,contrary,2,hyp,minor,bend,turn,4.25,False,['bend'],['turn'],1,1,13.7127,12.426747,13.673069,11.745403,8.505314,12.925526,10.988293,0.34440526,0.0951892,0.3310231,0.048159696,0.0018859525,0.15674885,0.022587843,2.150995,12,38,contrary,minor,major,coordinated,part,synonym,random,partial,coordinate,parallel,opposite,reverse,separate,different
4,no-rel,random,5,r-hyp,major,sit,lounge,3.92,False,['sit'],['lounge'],1,1,7.6812506,11.122268,11.78799,13.45684,13.539118,12.72378,11.055775,0.0010533526,0.032884296,0.06398938,0.3395316,0.36864913,0.16312343,0.03076883,2.0673196,10,4,random,part,major,minor,coordinated,synonym,contrary,parts,separate,coordinate,partial,different,in,specific
2,hyp,minor,6,syn,synonym,sum,amount,3.64,False,['sum'],['amount'],1,1,12.76571,10.874437,16.792328,12.657648,9.452121,12.651243,13.112343,0.01653933,0.0024954488,0.9273761,0.014845242,0.0006017893,0.014750465,0.023391534,0.53339666,8,7,minor,synonym,contrary,part,major,coordinated,random,equal,partial,total,relative,lesser,small,separate
5,r-hyp,major,4,no-rel,random,restroom,alligator,0.25,False,['restroom'],['alligator'],1,1,4.613452,10.52727,10.449162,12.2709,11.845276,13.249506,9.111803,0.00010066996,0.03725963,0.034460086,0.21305278,0.1392006,0.56687915,0.009047091,1.7424967,1,3,major,part,random,coordinated,minor,synonym,parts,:,partial,the,main,different,majors,key
2,hyp,minor,2,hyp,minor,allow,accept,4.0,True,['allow'],['accept'],1,1,14.736304,10.981212,14.764015,8.46388,11.305833,13.092161,11.934198,0.4274205,0.010000906,0.43943036,0.00080681866,0.013836319,0.08256824,0.02593679,1.6393657,10,11,minor,contrary,major,synonym,random,coordinated,part,different,non,partial,separate,relative,unrelated,specific
4,no-rel,random,4,no-rel,random,speaker,hell,0.23,True,['speaker'],['hell'],1,1,8.983438,10.134777,11.776597,12.534153,13.902821,12.720129,9.174384,0.0042477157,0.013433089,0.06937599,0.14798291,0.5815892,0.17822963,0.005141413,1.7292912,3,6,random,major,part,minor,coordinated,synonym,contrary,parts,total,of,specific,in,different,partial
2,hyp,minor,2,hyp,minor,hamper,hold,2.0,True,"['ham', '##per']",['hold'],2,1,10.194574,11.41218,16.847506,12.086693,14.054258,12.772657,13.392338,0.0011478878,0.003878813,0.8896737,0.0076144063,0.05446768,0.015119822,0.02809768,0.71082383,4,45,minor,random,synonym,major,part,coordinated,contrary,multiple,limited,specific,non,coordinate,trivial,sub
2,hyp,minor,2,hyp,minor,smash,destroy,5.25,True,['smash'],['destroy'],1,1,13.971621,13.650697,15.01964,8.932793,11.732629,14.573355,12.734575,0.14692822,0.10659326,0.4190388,0.0009522918,0.015657537,0.26818532,0.042644523,2.083383,16,4,minor,major,contrary,coordinated,synonym,random,part,coordinate,partial,different,separate,unrelated,perfect,equal
2,hyp,minor,5,r-hyp,major,pull,tug,4.0,False,['pull'],['tug'],1,1,12.927291,13.551989,14.192633,10.525522,8.554266,13.914881,11.074853,0.10687453,0.19960757,0.37879583,0.009678306,0.0013480117,0.28693205,0.01676373,2.0326443,24,9,minor,major,coordinated,contrary,synonym,part,random,coordinate,slow,partial,principal,unrelated,parallel,sub
0,ant,contrary,2,hyp,minor,daughter,child,5.62,False,['daughter'],['child'],1,1,14.470094,10.038222,14.437475,13.095678,5.9397144,10.812349,10.743256,0.43805003,0.0052093845,0.423992,0.11082116,8.646235e-05,0.011297582,0.010543347,1.5812057,1,4,contrary,minor,part,major,synonym,coordinated,separate,unrelated,parts,opposite,equal,partial,different,other
2,hyp,minor,2,hyp,minor,claim,say,2.71,True,['claim'],['say'],1,1,10.844327,9.900654,14.76217,10.661457,11.7983265,13.591848,12.899532,0.01273523,0.0049564955,0.64047813,0.010606874,0.03306157,0.19871934,0.099442296,1.5563886,11,12,minor,major,synonym,random,contrary,part,coordinated,specific,partial,different,separate,principal,unrelated,equal
2,hyp,minor,2,hyp,minor,crave,desire,4.85,True,"['cr', '##ave']",['desire'],2,1,13.15724,13.190009,15.742043,11.207555,13.90966,13.550259,12.448295,0.051197924,0.05290343,0.67891884,0.0072864313,0.10864866,0.07584696,0.025197724,1.6388476,2,6,minor,random,major,coordinated,contrary,synonym,part,partial,specific,trivial,total,lesser,particular,equal
2,hyp,minor,2,hyp,minor,extension,addition,3.25,True,['extension'],['addition'],1,1,10.702932,11.445416,14.399436,12.356363,8.990729,12.818712,12.957326,0.01500641,0.031530693,0.60485035,0.078406624,0.0027081736,0.12449397,0.14300378,1.7734237,12,6,minor,synonym,major,part,coordinated,contrary,random,parts,partial,separate,coordinate,unrelated,related,or
3,mero,part,1,cohyp,coordinated,skin,hair,1.17,False,['skin'],['hair'],1,1,10.566426,12.852999,12.051941,14.879224,8.803564,11.34683,10.134406,0.010763043,0.10592071,0.047542922,0.8034507,0.0018464337,0.02348877,0.0069873272,1.0699577,10,6,part,coordinated,minor,major,contrary,synonym,parts,random,and,partial,or,different,full,coordinate
3,mero,part,4,no-rel,random,tissue,meal,0.4,False,['tissue'],['meal'],1,1,7.2669826,12.258213,13.603222,14.5968895,13.644159,12.732746,11.05228,0.00032187504,0.047353398,0.1817528,0.49093664,0.18934767,0.076109394,0.014178206,1.9875691,3,3,part,random,minor,major,coordinated,synonym,parts,specific,contrary,particular,component,partial,small,one
1,cohyp,coordinated,1,cohyp,coordinated,almond,peanut,1.2,True,['almond'],['peanut'],1,1,10.423023,14.936667,13.574064,11.68964,8.798144,12.014133,10.215943,0.007994752,0.7295512,0.18676038,0.028371982,0.0015744508,0.039247807,0.006499371,1.2307135,2,5,coordinated,minor,major,part,contrary,synonym,random,or,coordinate,parts,and,partial,coordination,/
4,no-rel,random,4,no-rel,random,crook,sickness,1.17,True,['crook'],['sickness'],1,1,9.632504,12.171838,14.014676,12.675173,16.133535,12.245569,11.313484,0.0012508079,0.015849262,0.10007914,0.026218312,0.83282256,0.017062012,0.0067178584,0.9453968,4,3,random,minor,part,major,coordinated,synonym,contrary,parts,general,particular,common,specific,different,unrelated
5,r-hyp,major,5,r-hyp,major,touch,grab,2.77,True,['touch'],['grab'],1,1,10.409211,13.475304,13.123689,10.336773,10.548853,13.703012,11.125817,0.014571489,0.31267342,0.21998169,0.01355328,0.016755197,0.39263016,0.029834721,1.9575696,27,8,major,coordinated,minor,synonym,random,contrary,part,coordinate,/,or,perfect,different,specific,and
2,hyp,minor,6,syn,synonym,medication,medicine,5.0,False,['medication'],['medicine'],1,1,12.642995,11.773219,15.185837,13.447779,8.629255,13.46022,14.765036,0.03703505,0.015519373,0.47092873,0.08281827,0.0006690646,0.0838551,0.30917442,1.9091427,2,5,minor,synonym,major,part,contrary,coordinated,random,parts,related,unrelated,general,particular,component,separate
2,hyp,minor,6,syn,synonym,prohibit,disallow,5.0,False,['prohibit'],"['di', '##sal', '##low']",1,3,10.5652685,10.014306,13.995222,9.498492,13.445132,13.743448,12.00178,0.012687685,0.0073131155,0.39173493,0.004366036,0.22599109,0.30454278,0.053364348,1.9286003,1,1,minor,major,random,synonym,contrary,coordinated,part,partial,##ive,or,minors,specific,##itive,significant
0,ant,contrary,2,hyp,minor,king,monarch,5.46,False,['king'],['monarch'],1,1,14.464729,12.406249,13.747956,12.577134,5.4966755,12.839037,12.411506,0.47786698,0.06099868,0.23335464,0.07236605,6.0887865e-05,0.09403246,0.061320167,2.0878184,10,2,contrary,minor,major,part,synonym,coordinated,coordinate,principal,separate,general,partial,parallel,opposite,different
2,hyp,minor,1,cohyp,coordinated,baseball,football,0.4,False,['baseball'],['football'],1,1,8.813523,12.097603,12.848199,9.729374,6.031795,10.045046,9.616502,0.01081918,0.28870344,0.6115496,0.027036048,0.0006700468,0.0370713,0.024150353,1.475822,2,2,minor,coordinated,major,part,synonym,contrary,partial,and,coordination,parallel,random,related,/,alternate
2,hyp,minor,1,cohyp,coordinated,adult,child,0.36,False,['adult'],['child'],1,1,13.6188345,12.7424555,13.762644,12.983003,7.380281,12.145252,11.101192,0.2930702,0.122001484,0.3383976,0.15517917,0.00057227176,0.06714335,0.023635982,2.2308166,4,4,minor,contrary,part,coordinated,major,synonym,parts,separate,random,coordinate,unrelated,partial,individual,independent
3,mero,part,4,no-rel,random,neck,stream,0.18,False,['neck'],['stream'],1,1,8.726433,12.178989,11.902128,14.286926,12.892074,10.556843,11.336911,0.0024953117,0.07880451,0.059746403,0.64865893,0.16078281,0.015561868,0.033950105,1.6414843,6,10,part,random,coordinated,minor,synonym,major,contrary,parts,coordinate,side,length,partial,specific,main
2,hyp,minor,2,hyp,minor,observe,watch,5.15,True,['observe'],['watch'],1,1,12.039196,13.095908,14.345528,10.879733,10.716574,13.683058,12.366457,0.047490593,0.13662551,0.4766885,0.014895642,0.01265319,0.24576932,0.065877214,2.0369189,9,13,minor,major,coordinated,synonym,contrary,part,random,coordinate,principal,different,partial,independent,general,other
2,hyp,minor,2,hyp,minor,embrace,hold,5.1,True,['embrace'],['hold'],1,1,12.230535,12.095693,15.485437,11.641335,10.0417,11.885281,12.913974,0.032106347,0.028056264,0.8321034,0.017811669,0.0035974297,0.022732597,0.063592345,1.0341597,6,45,minor,synonym,contrary,coordinated,major,part,random,partial,non,coordinate,equal,common,limited,or
1,cohyp,coordinated,1,cohyp,coordinated,rifle,pistol,2.23,True,['rifle'],['pistol'],1,1,7.898848,13.725641,12.734006,12.753873,8.124769,13.108614,11.133255,0.0012434606,0.42186758,0.15650003,0.15964028,0.001558649,0.22761695,0.03157309,2.0365932,3,1,coordinated,major,part,minor,synonym,random,contrary,partial,or,and,/,parts,coordinate,parallel
2,hyp,minor,2,hyp,minor,love,feeling,6.0,True,['love'],['feeling'],1,1,13.404804,11.840335,15.294337,10.853841,12.796144,11.745802,13.237455,0.10544301,0.022058573,0.6976403,0.008225238,0.057369333,0.02006884,0.089194715,1.5436864,10,19,minor,contrary,synonym,random,coordinated,major,part,equal,specific,particular,different,unrelated,other,separate
2,hyp,minor,2,hyp,minor,thief,crook,5.43,True,['thief'],['crook'],1,1,11.996877,12.531366,14.751683,11.379668,10.04287,13.986486,11.289416,0.037159108,0.06341488,0.58406687,0.020045415,0.0052656354,0.27173266,0.018315515,1.6513631,1,4,minor,major,coordinated,contrary,part,synonym,random,or,/,general,parts,coordinate,and,principal
3,mero,part,5,r-hyp,major,tissue,bone,1.2,False,['tissue'],['bone'],1,1,8.801183,11.341246,12.726551,14.682657,9.3913965,14.355597,12.135231,0.0014066261,0.017836679,0.07127619,0.5040465,0.0025380796,0.36343768,0.03945822,1.6233146,3,6,part,major,minor,synonym,coordinated,parts,random,contrary,partial,particular,:,specific,component,coordinate
4,no-rel,random,4,no-rel,random,female,bracelet,0.08,True,['female'],['bracelet'],1,1,7.92646,12.846666,12.922477,11.859607,15.210602,12.018513,11.267873,0.00053133443,0.07280924,0.07854355,0.027133886,0.77415985,0.031807095,0.015014996,1.245533,5,2,random,minor,coordinated,major,part,synonym,contrary,specific,parts,coordination,vocal,equal,limited,regular
2,hyp,minor,2,hyp,minor,algebra,math,6.0,True,['algebra'],['math'],1,1,11.27628,13.547277,14.256504,12.558318,10.395865,12.342463,13.502246,0.02147464,0.20806901,0.42288336,0.0773941,0.008903619,0.06236816,0.19890717,2.1747646,1,1,minor,coordinated,synonym,part,major,contrary,random,partial,coordinate,general,parts,related,unrelated,coordination
2,hyp,minor,2,hyp,minor,hostage,captive,5.58,True,['hostage'],['captive'],1,1,12.831619,12.658517,13.782215,11.719631,9.372486,12.996403,12.564581,0.1485124,0.12490656,0.38423878,0.048846383,0.0046717566,0.17511655,0.11370757,2.3594375,1,5,minor,major,contrary,coordinated,synonym,part,random,separate,principal,partial,or,unrelated,different,equal
3,mero,part,2,hyp,minor,cape,cloak,5.0,False,['cape'],['cloak'],1,1,12.700968,13.4749,13.406594,14.293531,6.7907815,11.816242,12.270936,0.08947941,0.19401607,0.18120609,0.4399109,0.0002426397,0.036939558,0.058205318,2.1558003,2,5,part,coordinated,minor,contrary,synonym,major,separate,parts,coordinate,partial,random,different,or,opposite
2,hyp,minor,2,hyp,minor,pine,tree,5.85,True,['pine'],['tree'],1,1,5.7688937,8.266477,18.744415,11.441664,9.725034,12.848879,12.045575,2.305256e-06,2.8015955e-05,0.99521375,0.00067045813,0.00012046163,0.0027385296,0.0012264422,0.051164698,3,7,minor,major,synonym,part,random,lesser,coordinated,small,secondary,sub,subsidiary,component,separate,related
0,ant,contrary,0,ant,contrary,death,birth,0.46,True,['death'],['birth'],1,1,14.72605,13.499477,12.412989,12.466695,11.959379,11.978109,12.948302,0.55784255,0.16361298,0.055202875,0.05824867,0.03507209,0.035735182,0.094285615,2.0291522,8,6,contrary,coordinated,synonym,part,minor,major,random,partial,unrelated,parts,separate,coordination,related,different
1,cohyp,coordinated,1,cohyp,coordinated,peanut,cashew,1.0,True,['peanut'],"['cash', '##ew']",1,2,9.1911,14.70538,13.207775,11.380635,12.283467,13.468315,10.219351,0.0024359147,0.6046215,0.13523275,0.0217553,0.053661164,0.17548215,0.0068112323,1.6865712,5,2,coordinated,major,minor,random,part,synonym,contrary,parts,related,or,specific,basic,partial,and
3,mero,part,6,syn,synonym,stomach,abdomen,2.38,False,['stomach'],['abdomen'],1,1,11.830841,12.854506,10.19967,13.896344,6.303443,9.613953,9.795377,0.08256353,0.22980532,0.016157702,0.65136564,0.00032829912,0.008995096,0.010784433,1.4190477,6,2,part,coordinated,contrary,minor,synonym,major,parts,partial,side,opposite,separate,parallel,and,coordinate
3,mero,part,3,mero,part,crater,volcano,1.0,True,['crater'],['volcano'],1,1,8.509726,11.755289,12.791953,15.5025,8.70374,13.318455,12.529726,0.0007313652,0.01877866,0.05295196,0.79626465,0.00088796066,0.08964763,0.040737867,1.1105438,3,2,part,major,minor,synonym,coordinated,random,contrary,partial,parts,component,one,separate,of,sub
2,hyp,minor,2,hyp,minor,annihilate,kill,5.0,True,"['ann', '##ih', '##ila', '##te']",['kill'],4,1,11.622785,12.188555,15.192106,10.079716,12.6948,13.472853,12.471889,0.019965619,0.035155524,0.70862985,0.0042671356,0.058324803,0.12698638,0.046670653,1.4917803,1,17,minor,major,random,synonym,coordinated,contrary,part,partial,unrelated,other,non,separate,different,trivial
2,hyp,minor,2,hyp,minor,constitution,document,4.6,True,['constitution'],['document'],1,1,7.1833086,10.416486,20.096014,12.523178,9.16771,13.462311,12.1206255,2.4609596e-06,6.241019e-05,0.9977488,0.0005130744,1.7902727e-05,0.0013123222,0.0003430473,0.026563091,5,6,minor,major,part,synonym,coordinated,random,related,separate,general,independent,small,coordinate,specific,lesser
4,no-rel,random,4,no-rel,random,scalpel,canary,0.36,True,"['scalp', '##el']",['canary'],2,1,7.8781686,13.035234,11.863515,11.087352,14.537468,12.368343,10.942455,0.0008742959,0.15182514,0.047040552,0.021646569,0.68195456,0.077932134,0.0187267,1.5199167,1,5,random,coordinated,major,minor,part,synonym,contrary,parts,the,specific,partial,different,perfect,big
1,cohyp,coordinated,2,hyp,minor,split,tear,3.7,False,['split'],['tear'],1,1,10.795815,13.660261,12.235665,12.996195,10.128256,11.560011,10.507581,0.028410995,0.4983098,0.119896166,0.25650692,0.014573673,0.06100597,0.021296475,1.9704317,18,9,coordinated,part,minor,major,contrary,synonym,random,separate,parts,unrelated,partial,multiple,side,one
2,hyp,minor,5,r-hyp,major,break,shatter,3.33,False,['break'],['shatter'],1,1,13.74649,13.5253725,15.183181,11.075431,10.316913,14.327995,13.55292,0.11464342,0.09190079,0.48227665,0.007930912,0.003714521,0.20506611,0.09446765,2.0577579,75,3,minor,major,contrary,synonym,coordinated,part,random,separate,perfect,partial,unrelated,coordinate,different,complete
0,ant,contrary,2,hyp,minor,son,child,5.36,False,['son'],['child'],1,1,14.415148,10.245567,13.950568,13.11985,5.669616,10.904829,10.641129,0.50743896,0.007844369,0.31887427,0.13894509,8.07696e-05,0.015166024,0.011650594,1.6405143,2,4,contrary,minor,part,major,synonym,coordinated,unrelated,separate,parts,opposite,equal,partial,sister,independent
2,hyp,minor,2,hyp,minor,stream,line,1.23,True,['stream'],['line'],1,1,9.923622,12.540824,13.56698,13.176208,11.951862,11.740856,11.804285,0.010092062,0.13823442,0.38571832,0.2609515,0.07670672,0.06211473,0.06618223,2.2898722,10,36,minor,part,coordinated,random,synonym,major,contrary,coordinate,separate,parts,specific,main,coordination,partial
4,no-rel,random,4,no-rel,random,lieutenant,courage,0.54,True,['lieutenant'],['courage'],1,1,11.154393,10.841275,12.243769,10.760202,14.346187,12.284189,9.939435,0.030210039,0.022088481,0.08979683,0.020368375,0.7350714,0.09350083,0.008963995,1.4077265,4,1,random,major,minor,contrary,coordinated,part,synonym,general,total,high,great,parts,colonel,principal
2,hyp,minor,4,no-rel,random,allow,return,1.08,False,['allow'],['return'],1,1,10.915945,9.001196,14.213454,8.303495,13.885598,11.665426,9.482125,0.019957935,0.0029413768,0.5397662,0.001464007,0.3888836,0.042229038,0.004757903,1.3907926,10,29,minor,random,major,contrary,synonym,coordinated,part,partial,non,trivial,limited,negative,independent,finite
3,mero,part,3,mero,part,antler,deer,0.77,True,"['ant', '##ler']",['deer'],2,1,8.921403,12.628594,11.885533,15.895702,9.941485,12.285534,10.28308,0.0008579937,0.034954004,0.01662607,0.9170307,0.00237958,0.024803195,0.0033485207,0.5712732,1,1,part,coordinated,major,minor,synonym,random,parts,contrary,partial,component,coordinate,specific,coordination,one
4,no-rel,random,4,no-rel,random,monkey,humor,0.5,True,['monkey'],['humor'],1,1,11.823018,12.272507,14.820479,11.6582575,16.151726,12.488142,11.090932,0.00983071,0.015409739,0.19695441,0.0083373925,0.745622,0.01911809,0.004727634,1.1389984,4,7,random,minor,major,coordinated,contrary,part,synonym,unrelated,specific,different,parts,particular,non,related
2,hyp,minor,2,hyp,minor,recliner,seat,4.73,True,"['rec', '##liner']",['seat'],2,1,7.5884867,10.29998,15.982607,11.819186,13.6399355,9.487015,11.765777,0.00019990382,0.0030089,0.8837739,0.01374645,0.08490474,0.00133457,0.01303152,0.6666508,1,16,minor,random,part,synonym,coordinated,major,separate,contrary,one,limited,no,partial,equal,unrelated
2,hyp,minor,2,hyp,minor,freckle,spot,4.83,True,"['fr', '##eck', '##le']",['spot'],3,1,7.965183,11.515205,15.783071,11.953349,11.528942,11.423908,12.496241,0.00036571754,0.012732129,0.90868074,0.019732606,0.012908233,0.011621206,0.03395934,0.64303875,3,20,minor,synonym,part,random,coordinated,major,contrary,specific,small,type,separate,coordination,partial,side
2,hyp,minor,2,hyp,minor,understand,accept,2.45,True,['understand'],['accept'],1,1,14.77993,12.711088,14.781434,8.110522,9.755416,14.2968445,12.346103,0.35208064,0.044479053,0.35261056,0.00044684316,0.0023148528,0.21719044,0.03087766,1.9188833,5,11,minor,contrary,major,coordinated,synonym,random,part,different,coordinate,non,separate,perfect,principal,mutual
2,hyp,minor,6,syn,synonym,universe,world,1.54,False,['universe'],['world'],1,1,14.290905,13.199437,15.720507,13.036946,7.004947,13.429083,13.666387,0.14800066,0.049687278,0.61820394,0.04223537,0.00010139408,0.06251425,0.079257205,1.786142,3,9,minor,contrary,synonym,major,coordinated,part,separate,coordinate,parts,parallel,unrelated,random,independent,partial
4,no-rel,random,4,no-rel,random,lobby,silk,0.6,True,['lobby'],['silk'],1,1,4.683601,13.236671,10.652952,10.904313,13.918231,11.292316,9.060032,5.832632e-05,0.30228466,0.022820288,0.029341733,0.5976043,0.043250736,0.0046400707,1.4722031,4,2,random,coordinated,major,part,minor,synonym,color,parts,different,coordination,total,all,natural,regular
2,hyp,minor,2,hyp,minor,teacher,professional,5.69,True,['teacher'],['professional'],1,1,7.6634655,10.620479,14.938806,11.311603,6.6002417,13.351801,9.044174,0.00055475096,0.010673641,0.80119485,0.021304136,0.00019157809,0.16387428,0.002206644,0.89984906,2,8,minor,major,part,coordinated,synonym,contrary,random,general,individual,or,and,independent,non,senior
2,hyp,minor,2,hyp,minor,fault,failure,2.67,True,['fault'],['failure'],1,1,12.936915,13.323062,13.450072,12.290909,11.876679,12.902214,12.706141,0.14766298,0.21725658,0.24667937,0.07739529,0.051146626,0.14262676,0.11723243,2.652501,8,7,minor,coordinated,contrary,major,synonym,part,random,partial,parts,unrelated,separate,coordinate,independent,or
2,hyp,minor,2,hyp,minor,orchid,flower,5.92,True,['orchid'],['flower'],1,1,8.675359,10.902999,18.729038,11.328448,9.064298,12.411842,11.850121,4.285781e-05,0.00039763245,0.9960646,0.00060848816,6.3233034e-05,0.0017978944,0.0010252069,0.044738173,1,4,minor,major,synonym,part,coordinated,random,contrary,related,small,lesser,separate,one,similar,side
2,hyp,minor,2,hyp,minor,pluto,planet,5.0,True,['pluto'],['planet'],1,1,6.9157896,11.154801,19.820095,11.240009,11.1418495,12.437096,10.61779,2.484199e-06,0.00017225262,0.99874604,0.00018757336,0.000170036,0.0006209536,0.00010068039,0.016411442,3,3,minor,major,part,coordinated,random,synonym,component,separate,small,contrary,dwarf,one,independent,multiple
2,hyp,minor,2,hyp,minor,build,create,5.21,True,['build'],['create'],1,1,12.053482,11.992815,14.548687,9.380115,10.96369,13.622499,12.693279,0.04723959,0.044458903,0.57274306,0.0032604486,0.01588603,0.22684109,0.08957081,1.7873734,12,6,minor,major,synonym,contrary,coordinated,random,part,coordinate,partial,separate,different,specific,or,limited
2,hyp,minor,5,r-hyp,major,communication,language,3.23,False,['communication'],['language'],1,1,8.227435,11.446231,14.914359,11.440841,10.881992,13.443514,11.393616,0.00093035423,0.023256995,0.74600637,0.023131974,0.013228418,0.17138097,0.022064958,1.2166994,3,6,minor,major,coordinated,part,synonym,random,contrary,specific,general,particular,related,small,coordination,unrelated
3,mero,part,3,mero,part,intestine,stomach,1.23,True,"['int', '##est', '##ine']",['stomach'],3,1,8.479449,12.482886,11.5076,16.142431,7.642396,11.97154,9.80928,0.0004461085,0.024440559,0.009216151,0.9493608,0.00019315806,0.014656708,0.0016864708,0.37653697,1,6,part,coordinated,major,minor,synonym,parts,contrary,partial,random,separate,total,and,portion,side
3,mero,part,3,mero,part,sand,beach,2.85,True,['sand'],['beach'],1,1,11.536086,12.612468,12.541658,16.911995,10.32415,12.031004,12.975455,0.00436758,0.012814673,0.011938655,0.94399226,0.0012998815,0.007164419,0.018422604,0.43922013,4,2,part,synonym,coordinated,minor,major,contrary,random,parts,partial,coordinate,separate,side,non,component
2,hyp,minor,2,hyp,minor,cut,injury,4.8,True,['cut'],['injury'],1,1,8.262496,11.715294,16.270884,12.558447,14.772745,12.206955,10.38921,0.00026013984,0.008217467,0.78199756,0.019094778,0.17481236,0.013435802,0.0021818602,0.9891676,70,5,minor,random,part,major,coordinated,synonym,contrary,related,unrelated,specific,partial,side,separate,parts
4,no-rel,random,2,hyp,minor,grit,courage,4.08,False,['grit'],['courage'],1,1,12.75304,13.824135,14.081984,11.723791,14.43259,13.151552,13.02057,0.061681286,0.1800213,0.23297329,0.022037188,0.33080524,0.091880836,0.08060092,2.4413948,4,1,random,minor,coordinated,major,synonym,contrary,part,equal,parts,specific,particular,coordinate,different,common
2,hyp,minor,2,hyp,minor,crunch,break,4.75,True,['crunch'],['break'],1,1,12.409086,13.878149,14.765481,11.048811,10.3295,13.379553,12.103513,0.050876487,0.22106652,0.5368913,0.013054404,0.006358642,0.134272,0.037480745,1.8763603,7,75,minor,coordinated,major,contrary,synonym,part,random,coordinate,perfect,partial,unrelated,separate,parallel,sub
1,cohyp,coordinated,1,cohyp,coordinated,pink,purple,0.92,True,['pink'],['purple'],1,1,10.109225,14.24638,10.700213,8.109066,6.077993,9.4020195,8.502437,0.015088246,0.9448919,0.02724593,0.0020416467,0.00026785326,0.0074388045,0.003025654,0.4095226,7,7,coordinated,minor,contrary,major,or,synonym,part,and,/,to,coordinate,coordination,random,-
3,mero,part,3,mero,part,fireplace,chimney,1.64,True,['fireplace'],['chimney'],1,1,12.1753025,12.37679,11.888474,14.323073,6.564435,11.158129,11.544919,0.08040352,0.098351285,0.060354166,0.68871593,0.00029410762,0.029075162,0.04280584,1.5829204,1,2,part,coordinated,contrary,minor,synonym,major,separate,parts,side,opposite,partial,parallel,sub,unrelated
4,no-rel,random,5,r-hyp,major,kill,smother,1.42,False,['kill'],"['sm', '##oth', '##er']",1,3,9.731647,10.894194,12.984605,10.192557,13.50033,12.681597,11.756006,0.009837718,0.031461697,0.25446978,0.015597872,0.42619935,0.18794963,0.07448394,2.075392,17,7,random,minor,major,synonym,coordinated,part,contrary,the,common,specific,different,separate,parts,or
2,hyp,minor,2,hyp,minor,tenor,singer,5.45,True,['tenor'],['singer'],1,1,9.129737,11.163855,15.433897,12.824635,8.149759,11.49983,10.586067,0.0016364123,0.012511196,0.89485914,0.06585161,0.00061417744,0.017506978,0.0070205145,0.655033,7,3,minor,part,major,coordinated,synonym,contrary,random,secondary,parts,lead,principal,partial,other,or
2,hyp,minor,2,hyp,minor,math,domain,1.0,True,['math'],['domain'],1,1,7.695666,11.567272,16.391703,11.126055,14.078204,13.600313,11.882873,0.00014118144,0.0067794593,0.84414804,0.004360907,0.08349856,0.051776603,0.009295197,0.87418383,1,5,minor,random,major,synonym,coordinated,part,related,specific,contrary,coordinate,particular,sub,limited,equal
5,r-hyp,major,2,hyp,minor,dilemma,confusion,3.54,False,['dilemma'],['confusion'],1,1,12.854424,13.0319605,13.294873,10.274027,13.472686,13.549088,13.122783,0.11123511,0.13284488,0.17279309,0.008425379,0.20641887,0.22280772,0.145475,2.5921223,1,5,major,random,minor,synonym,coordinated,contrary,part,unrelated,or,different,parts,general,partial,coordination
3,mero,part,1,cohyp,coordinated,jewel,ring,2.42,False,['jewel'],['ring'],1,1,8.100186,12.937314,13.368887,14.502951,10.28615,12.24202,12.639526,0.0009172397,0.11567,0.17809449,0.5535643,0.008162718,0.057710953,0.08588023,1.8830781,3,15,part,minor,coordinated,synonym,major,random,contrary,parts,coordinate,partial,coordination,component,separate,specific
1,cohyp,coordinated,5,r-hyp,major,courage,grit,3.0,False,['courage'],['grit'],1,1,12.18545,13.469519,11.943734,10.52336,12.467764,12.560139,11.326892,0.11375485,0.4108034,0.08932937,0.021584088,0.15086117,0.16546088,0.048206218,2.3667092,1,4,coordinated,major,random,contrary,minor,synonym,part,parts,coordination,equal,particular,general,specific,coordinate
2,hyp,minor,2,hyp,minor,value,amount,3.58,True,['value'],['amount'],1,1,11.435943,9.899366,14.206389,11.646066,7.947968,12.571184,12.259399,0.04195412,0.009025017,0.66982967,0.051764246,0.0012822316,0.13055807,0.09558668,1.5811765,11,7,minor,major,synonym,part,contrary,coordinated,random,relative,partial,separate,small,different,specific,equal
2,hyp,minor,2,hyp,minor,saturn,planet,5.36,True,['saturn'],['planet'],1,1,7.3091536,11.733426,18.71663,11.757612,11.141078,12.7731,10.126871,1.1054492e-05,0.00092252024,0.9948171,0.00094510446,0.0005101788,0.0026091586,0.00018503673,0.05670324,2,3,minor,major,part,coordinated,random,synonym,contrary,component,lesser,related,dwarf,independent,separate,coordinate
2,hyp,minor,2,hyp,minor,supper,meal,5.14,True,['supper'],['meal'],1,1,10.376289,11.607541,16.22244,14.93891,8.679177,12.087578,12.882973,0.0021545046,0.0073802876,0.7452444,0.20647535,0.0003947308,0.011927531,0.026423248,1.0766131,2,3,minor,part,synonym,major,coordinated,contrary,separate,random,parts,partial,unrelated,related,principal,general
3,mero,part,3,mero,part,shelf,closet,1.31,True,['shelf'],['closet'],1,1,8.661269,11.245047,10.403824,15.957173,9.89334,11.715363,11.452206,0.0006514087,0.008629265,0.0037207922,0.9603388,0.0022332387,0.013811137,0.010615534,0.32676437,2,5,part,major,synonym,coordinated,minor,random,parts,contrary,coordinate,separate,component,side,one,partial
1,cohyp,coordinated,2,hyp,minor,dive,swim,4.15,False,['dive'],['swim'],1,1,12.317504,14.492437,13.591654,11.684213,10.204478,13.30649,13.246868,0.05194703,0.45721695,0.18574494,0.027575655,0.0062789256,0.13965996,0.13157655,2.1593885,7,6,coordinated,minor,major,synonym,contrary,part,random,coordinate,partial,parts,unrelated,separate,sub,/
2,hyp,minor,4,no-rel,random,tangerine,nucleus,0.31,False,"['tang', '##erine']",['nucleus'],2,1,7.5743203,12.922136,14.101966,10.912731,12.256216,13.101883,9.454903,0.000775692,0.16301078,0.53040767,0.021854594,0.08375502,0.19510989,0.005086463,1.8387886,4,6,minor,major,coordinated,random,part,synonym,contrary,coordination,parts,principal,specific,group,component,partial
3,mero,part,2,hyp,minor,bench,seat,5.82,False,['bench'],['seat'],1,1,8.63534,11.564495,13.206472,13.875755,10.124474,10.616417,12.566579,0.0027191075,0.05087945,0.26281133,0.5132275,0.012054494,0.019715022,0.13859317,1.8260144,9,16,part,minor,synonym,coordinated,major,random,contrary,separate,parts,partial,no,independent,coordinate,multiple
2,hyp,minor,2,hyp,minor,oxygen,gas,5.69,True,['oxygen'],['gas'],1,1,8.347082,12.258588,17.459213,10.2962055,10.090874,12.873354,10.868297,0.00010830522,0.0054124603,0.9817426,0.0007605766,0.0006193961,0.010008851,0.0013477176,0.16209391,1,8,minor,major,coordinated,synonym,part,random,contrary,small,component,partial,coordinate,natural,equal,secondary
2,hyp,minor,6,syn,synonym,catch,capture,3.91,False,['catch'],['capture'],1,1,13.1143055,13.642821,14.371693,12.581687,10.937581,13.19598,13.109961,0.11118672,0.18861856,0.3909572,0.06527391,0.012609954,0.120649,0.11070467,2.392152,39,11,minor,coordinated,major,contrary,synonym,part,random,partial,coordinate,separate,total,different,multiple,independent
2,hyp,minor,4,no-rel,random,mushroom,monster,0.09,False,['mushroom'],['monster'],1,1,9.064328,11.840136,16.570711,12.135052,13.794272,13.704493,12.201141,0.00047661946,0.0076504964,0.8672663,0.010274721,0.05399586,0.049359366,0.010976716,0.8181635,7,5,minor,random,major,synonym,part,coordinated,contrary,parts,related,unrelated,specific,lesser,particular,type
3,mero,part,2,hyp,minor,hedge,fence,3.92,False,['hedge'],['fence'],1,1,9.514594,12.294763,12.80936,14.440758,9.820392,11.630726,13.003886,0.0044570845,0.071855955,0.12021242,0.6144076,0.006051417,0.036989223,0.14602634,1.7328092,7,7,part,synonym,minor,coordinated,major,random,contrary,separate,parts,coordinate,parallel,unrelated,partial,side
2,hyp,minor,1,cohyp,coordinated,earring,ring,1.7,False,"['ear', '##ring']",['ring'],2,1,8.829682,12.393706,15.839563,13.918654,10.198529,11.434286,13.3520565,0.0007064336,0.024940621,0.78239125,0.114599794,0.00277686,0.009555125,0.065029964,1.1194589,1,15,minor,part,synonym,coordinated,major,random,contrary,partial,parts,lesser,coordination,equal,coordinate,small
3,mero,part,3,mero,part,axon,neuron,2.82,True,"['ax', '##on']","['ne', '##uron']",2,2,9.081213,12.37244,13.869901,14.67907,8.630674,13.611488,11.991725,0.0018880226,0.050742175,0.22683385,0.50947845,0.0012032082,0.1751785,0.0346758,1.8365623,1,1,part,minor,major,coordinated,synonym,contrary,random,parts,component,separate,coordinate,specific,multiple,partial
2,hyp,minor,2,hyp,minor,ghost,spirit,5.0,True,['ghost'],['spirit'],1,1,12.962463,11.297504,15.716459,13.575677,7.842788,13.718971,13.266965,0.04497704,0.008509586,0.70637625,0.08304359,0.00026887117,0.09583807,0.06098657,1.485679,7,9,minor,major,part,synonym,contrary,coordinated,random,unrelated,separate,parts,lesser,independent,related,partial
2,hyp,minor,2,hyp,minor,language,communication,5.36,True,['language'],['communication'],1,1,9.802162,11.81823,14.850092,13.603044,10.59722,13.195885,12.705422,0.0038584147,0.028971829,0.6007544,0.17262779,0.008544729,0.114890434,0.07035238,1.7448455,6,3,minor,part,major,synonym,coordinated,random,contrary,parts,specific,particular,related,unrelated,general,limited
5,r-hyp,major,4,no-rel,random,learn,judge,0.77,False,['learn'],['judge'],1,1,6.0560837,8.874372,10.804742,8.498571,11.4156065,12.145885,9.295105,0.0012133784,0.020321846,0.14005943,0.013955815,0.2579927,0.53550506,0.030951759,1.7511457,6,7,major,random,minor,synonym,coordinated,part,to,contrary,the,different,specific,as,mutual,great
2,hyp,minor,0,ant,contrary,add,subtract,0.46,False,['add'],"['sub', '##tra', '##ct']",1,3,11.187083,11.579255,13.250835,9.361244,9.686891,13.033491,11.81482,0.052769873,0.07810954,0.41558725,0.008500299,0.0117722815,0.33440349,0.0988573,2.0301502,7,2,minor,major,synonym,coordinated,contrary,random,part,or,coordinate,/,partial,and,different,separate
3,mero,part,6,syn,synonym,lip,mouth,1.85,False,['lip'],['mouth'],1,1,11.097013,12.6451,11.5872965,15.999008,7.091511,10.052734,10.64157,0.006998024,0.03290794,0.011426222,0.94163954,0.00012746992,0.0024629226,0.004437914,0.4252675,5,11,part,coordinated,minor,contrary,synonym,major,parts,separate,random,coordinate,full,component,partial,parallel
0,ant,contrary,5,r-hyp,major,child,daughter,1.67,False,['child'],['daughter'],1,1,15.095057,11.984351,11.9712,12.251577,5.9909167,12.677715,12.024977,0.77974755,0.034752965,0.034298915,0.045399044,8.671147e-05,0.06952101,0.036193896,1.259604,4,1,contrary,major,part,synonym,coordinated,minor,separate,parts,unrelated,parallel,principal,opposite,different,full
0,ant,contrary,1,cohyp,coordinated,product,sum,3.23,False,['product'],['sum'],1,1,15.288199,11.922206,15.007184,12.032125,8.089399,12.980139,13.350083,0.4825649,0.016661854,0.36434454,0.018597767,0.00036070865,0.047992982,0.069477245,1.7250131,6,8,contrary,minor,synonym,major,part,coordinated,partial,random,sum,equal,opposite,parallel,relative,total
2,hyp,minor,2,hyp,minor,catcher,player,4.64,True,['catcher'],['player'],1,1,8.801042,9.870441,17.781271,12.045584,7.8887887,10.621439,10.400708,0.00012522627,0.00036486308,0.9948544,0.0032120494,5.029315e-05,0.000773186,0.000620043,0.055115007,2,5,minor,part,major,synonym,coordinated,contrary,secondary,random,minors,lesser,limited,small,field,independent
2,hyp,minor,2,hyp,minor,prestige,status,3.64,True,['prestige'],['status'],1,1,11.860324,10.294566,16.233456,12.252032,8.122574,12.842455,14.204166,0.010515783,0.0021970589,0.8338129,0.0155581655,0.00025035563,0.028078616,0.10958711,0.8978671,1,2,minor,synonym,major,part,contrary,coordinated,random,lesser,separate,equal,partial,subordinate,relative,different
2,hyp,minor,4,no-rel,random,wipe,catch,0.45,False,['wipe'],['catch'],1,1,8.467372,11.757143,13.718246,11.937181,13.667408,11.953371,10.3863535,0.002121124,0.05692401,0.40456834,0.06815303,0.38451478,0.06926538,0.014453372,1.9318281,2,39,minor,random,major,part,coordinated,synonym,contrary,the,different,off,non,partial,coordinate,total
2,hyp,minor,2,hyp,minor,sample,example,3.86,True,['sample'],['example'],1,1,8.383621,8.641899,14.293999,11.211612,12.40827,13.771189,11.662161,0.0014509155,0.0018784982,0.53516346,0.024537075,0.08119416,0.31727287,0.03850293,1.6451423,4,6,minor,major,random,synonym,part,coordinated,contrary,specific,summary,trivial,general,partial,key,number
2,hyp,minor,2,hyp,minor,silk,material,5.92,True,['silk'],['material'],1,1,7.9110923,10.436182,18.866144,9.630542,10.75017,10.191107,11.691056,1.7442193e-05,0.00021788805,0.99843425,9.735277e-05,0.00029826106,0.00017052914,0.00076421996,0.02002059,2,11,minor,synonym,random,coordinated,major,part,related,secondary,contrary,similar,lesser,variable,limited,specific
3,mero,part,2,hyp,minor,leg,extremity,3.36,False,['leg'],"['ex', '##tre', '##mity']",1,3,11.548112,12.414198,12.663557,15.047448,8.961964,11.871904,12.292097,0.023210488,0.05518495,0.070813484,0.7681158,0.0017479716,0.03208526,0.048841942,1.3074647,9,5,part,minor,coordinated,synonym,major,contrary,random,partial,parts,side,opposite,separate,total,coordinate
5,r-hyp,major,5,r-hyp,major,device,phone,1.38,True,['device'],['phone'],1,1,6.1566215,10.836555,11.804926,13.763452,8.254515,14.711102,11.39825,0.00012834434,0.0138307465,0.036425367,0.25821465,0.0010458754,0.66610086,0.024254184,1.2964907,5,4,major,part,minor,synonym,coordinated,random,parts,coordinate,contrary,specific,partial,unrelated,number,particular
2,hyp,minor,2,hyp,minor,rose,wine,4.5,True,['rose'],['wine'],1,1,11.809503,13.716274,14.811902,13.557584,12.360099,12.829151,12.650441,0.024731822,0.16647789,0.4979453,0.142049,0.042892072,0.06856206,0.057341773,2.1599147,21,4,minor,coordinated,part,major,synonym,random,contrary,parts,different,particular,partial,specific,unrelated,separate
2,hyp,minor,5,r-hyp,major,touch,pinch,1.31,False,['touch'],['pinch'],1,1,11.686064,13.576107,14.435438,11.137209,9.446881,14.2667465,12.118601,0.025850499,0.17112139,0.40411693,0.014931529,0.0027542561,0.3413856,0.039839823,1.9289587,27,12,minor,major,coordinated,synonym,contrary,part,random,coordinate,partial,perfect,specific,parts,different,parallel
2,hyp,minor,2,hyp,minor,educate,inform,4.77,True,['educate'],['inform'],1,1,14.077596,14.084906,14.91512,9.749363,11.447283,14.660862,12.044057,0.15807836,0.15923813,0.36526212,0.002085186,0.01139048,0.2832577,0.020687962,2.0968492,3,3,minor,major,coordinated,contrary,synonym,random,part,coordinate,important,principal,different,specific,critical,unrelated
2,hyp,minor,2,hyp,minor,producer,maker,4.56,True,['producer'],['maker'],1,1,9.25756,11.613678,13.028688,10.072395,8.463624,12.22995,10.037004,0.012593084,0.13285601,0.5469057,0.028445309,0.0056928555,0.24605078,0.02745621,1.7712156,3,3,minor,major,coordinated,part,synonym,contrary,random,/,or,and,independent,coordinate,",",general
2,hyp,minor,2,hyp,minor,tug,pull,4.77,True,['tug'],['pull'],1,1,13.5875845,13.756925,14.60252,10.138552,8.181846,13.610889,11.4633,0.1633167,0.19345237,0.45062104,0.0051896092,0.00073341205,0.16716748,0.019519353,1.992919,9,24,minor,coordinated,major,contrary,synonym,part,coordinate,random,slow,parallel,partial,sub,opposite,unrelated
0,ant,contrary,2,hyp,minor,kill,destroy,5.17,False,['kill'],['destroy'],1,1,15.018234,12.353947,14.980078,8.644977,10.607419,14.288021,12.354014,0.3849821,0.026813604,0.37056926,0.00065700687,0.004675713,0.1854868,0.026815418,1.8348703,17,4,contrary,minor,major,synonym,coordinated,random,part,coordinate,equal,different,separate,partial,unrelated,perfect
3,mero,part,1,cohyp,coordinated,leg,thigh,0.69,False,['leg'],['thigh'],1,1,10.881383,12.617338,8.578543,13.873236,4.1861115,9.578293,7.9947305,0.037001997,0.20996213,0.0036992556,0.7371745,4.5762077e-05,0.0100531075,0.0020633263,1.088748,9,2,part,coordinated,contrary,major,minor,synonym,side,parts,parallel,opposite,separate,joined,combined,coordinate
3,mero,part,1,cohyp,coordinated,throat,neck,2.0,False,['throat'],['neck'],1,1,11.410559,12.5988035,9.300773,12.725893,5.992657,8.615299,10.058914,0.11830221,0.38818705,0.01434579,0.44079363,0.0005248415,0.0072281496,0.030618303,1.7141528,4,6,part,coordinated,contrary,synonym,minor,major,parts,coordinate,and,or,separate,random,parallel,opposite
4,no-rel,random,5,r-hyp,major,hold,hamper,1.46,False,['hold'],"['ham', '##per']",1,2,7.792271,9.671918,10.994818,11.263638,13.523461,11.367611,10.547914,0.0023579295,0.015447245,0.05799347,0.07587978,0.7270346,0.084194005,0.037092928,1.4452801,45,4,random,major,part,minor,synonym,coordinated,contrary,the,different,key,specific,off,control,independent
3,mero,part,3,mero,part,tombstone,grave,4.5,True,['tombstone'],['grave'],1,1,9.222716,10.741359,12.16525,15.984964,8.992576,11.805769,13.082863,0.0010519478,0.0048032166,0.01994896,0.9094968,0.00083569024,0.0139251435,0.049938384,0.59486437,1,8,part,synonym,minor,major,coordinated,contrary,random,parts,separate,partial,coordinate,sub,full,unrelated
